,0
0,https://www.airbnb.com.vn/rooms/1219611692681123962?adults=1&children=0&enable_m3_private_room=true&infants=0&pets=0&search_mode=regular_search&check_in=2024-08-17&check_out=2024-08-22&source_impression_id=p3_1723899944_P36raAZ7iOGt0u6o&previous_page_section_name=1000&federated_search_id=bf372954-7778-4bc6-984c-785f9460d5a4
1,https://www.airbnb.com.vn/rooms/1207967221092551228?adults=1&children=0&enable_m3_private_room=true&infants=0&pets=0&search_mode=regular_search&check_in=2024-08-17&check_out=2024-08-22&source_impression_id=p3_1723899945_P3ba-LB67xkejl2T&previous_page_section_name=1000&federated_search_id=bf372954-7778-4bc6-984c-785f9460d5a4
2,https://www.airbnb.com.vn/rooms/1221596990302177961?adults=1&children=0&enable_m3_private_room=true&infants=0&pets=0&search_mode=regular_search&check_in=2024-08-18&check_out=2024-08-23&source_impression_id=p3_1723899945_P3LOB230Y5mo4juH&previous_page_section_name=1000&federated_search_id=bf372954-7778-4bc6-984c-785f9460d5a4
3,https://www.airbnb.com.vn/rooms/1019822485576126175?adults=1&children=0&enable_m3_private_room=true&infants=0&pets=0&search_mode=regular_search&check_in=2024-08-18&check_out=2024-08-23&source_impression_id=p3_1723899945_P3yrGK2erKZAFZEu&previous_page_section_name=1000&federated_search_id=bf372954-7778-4bc6-984c-785f9460d5a4
4,https://www.airbnb.com.vn/rooms/1020578552150976273?adults=1&children=0&enable_m3_private_room=true&infants=0&pets=0&search_mode=regular_search&check_in=2024-10-27&check_out=2024-11-01&source_impression_id=p3_1723899945_P3NKhMY-ptj3M9Hx&previous_page_section_name=1000&federated_search_id=bf372954-7778-4bc6-984c-785f9460d5a4
5,https://www.airbnb.com.vn/rooms/1059143828623927715?adults=1&children=0&enable_m3_private_room=true&infants=0&pets=0&search_mode=regular_search&check_in=2024-08-17&check_out=2024-08-22&source_impression_id=p3_1723899945_P3ohhkQFTQc5zdjv&previous_page_section_name=1000&federated_search_id=bf372954-7778-4bc6-984c-785f9460d5a4
6,https://www.airbnb.com.vn/rooms/1212737242611465626?adults=1&category_tag=Tag%3A8678&children=0&enable_m3_private_room=true&infants=0&pets=0&photo_id=1965486550&search_mode=regular_search&check_in=2024-08-18&check_out=2024-08-23&source_impression_id=p3_1723899945_P34phkR2_QeZIkpk&previous_page_section_name=1000&federated_search_id=bf372954-7778-4bc6-984c-785f9460d5a4
7,https://www.airbnb.com.vn/rooms/1204123601752762951?adults=1&children=0&enable_m3_private_room=true&infants=0&pets=0&search_mode=regular_search&check_in=2024-08-26&check_out=2024-08-31&source_impression_id=p3_1723899945_P3k_ShkokJwXN6VC&previous_page_section_name=1000&federated_search_id=bf372954-7778-4bc6-984c-785f9460d5a4
8,https://www.airbnb.com.vn/rooms/1140172494468136256?adults=1&category_tag=Tag%3A8678&children=0&enable_m3_private_room=true&infants=0&pets=0&photo_id=1899486839&search_mode=regular_search&check_in=2024-08-19&check_out=2024-08-24&source_impression_id=p3_1723899945_P3k3ivfee0W_ZnMy&previous_page_section_name=1000&federated_search_id=bf372954-7778-4bc6-984c-785f9460d5a4
9,https://www.airbnb.com.vn/rooms/32370200?adults=1&children=0&enable_m3_private_room=true&infants=0&pets=0&search_mode=regular_search&check_in=2024-08-18&check_out=2024-08-23&source_impression_id=p3_1723899945_P30-VhKg3BWKBJuU&previous_page_section_name=1000&federated_search_id=bf372954-7778-4bc6-984c-785f9460d5a4
10,https://www.airbnb.com.vn/rooms/637431791087968321?adults=1&children=0&enable_m3_private_room=true&infants=0&pets=0&search_mode=regular_search&check_in=2024-08-17&check_out=2024-08-22&source_impression_id=p3_1723899945_P3qEC_Pmo-iihP53&previous_page_section_name=1000&federated_search_id=bf372954-7778-4bc6-984c-785f9460d5a4
11,https://www.airbnb.com.vn/rooms/1099574886201116845?adults=1&children=0&enable_m3_private_room=true&infants=0&pets=0&search_mode=regular_search&check_in=2024-08-21&check_out=2024-08-26&source_impression_id=p3_1723899945_P3A60UYE4NGzwHS1&previous_page_section_name=1000&federated_search_id=bf372954-7778-4bc6-984c-785f9460d5a4
12,https://www.airbnb.com.vn/rooms/880006879804614850?adults=1&children=0&enable_m3_private_room=true&infants=0&pets=0&search_mode=regular_search&check_in=2024-08-18&check_out=2024-08-23&source_impression_id=p3_1723899945_P3DUjdwWr9Hlg313&previous_page_section_name=1000&federated_search_id=bf372954-7778-4bc6-984c-785f9460d5a4
13,https://www.airbnb.com.vn/rooms/789494366667537682?adults=1&category_tag=Tag%3A8678&children=0&enable_m3_private_room=true&infants=0&pets=0&photo_id=1922333991&search_mode=regular_search&check_in=2024-09-02&check_out=2024-09-07&source_impression_id=p3_1723899945_P3A_tp_1HRk9RUcE&previous_page_section_name=1000&federated_search_id=bf372954-7778-4bc6-984c-785f9460d5a4
14,https://www.airbnb.com.vn/rooms/686701260232102555?adults=1&children=0&enable_m3_private_room=true&infants=0&pets=0&search_mode=regular_search&check_in=2024-08-17&check_out=2024-08-22&source_impression_id=p3_1723899945_P34tO1PBNB1I-1s9&previous_page_section_name=1000&federated_search_id=bf372954-7778-4bc6-984c-785f9460d5a4
15,https://www.airbnb.com.vn/rooms/1061933195988710361?adults=1&category_tag=Tag%3A8678&children=0&enable_m3_private_room=true&infants=0&pets=0&photo_id=1813886783&search_mode=regular_search&check_in=2024-09-02&check_out=2024-09-07&source_impression_id=p3_1723899945_P3YRdY-DAm8Nfr6N&previous_page_section_name=1000&federated_search_id=bf372954-7778-4bc6-984c-785f9460d5a4
16,https://www.airbnb.com.vn/rooms/1164538808948700997?adults=1&category_tag=Tag%3A8678&children=0&enable_m3_private_room=true&infants=0&pets=0&photo_id=1917984653&search_mode=regular_search&check_in=2024-08-23&check_out=2024-08-28&source_impression_id=p3_1723899945_P37LbwRdLsHnJIPe&previous_page_section_name=1000&federated_search_id=bf372954-7778-4bc6-984c-785f9460d5a4
17,https://www.airbnb.com.vn/rooms/1198127913912279507?adults=1&children=0&enable_m3_private_room=true&infants=0&pets=0&search_mode=regular_search&check_in=2024-08-18&check_out=2024-08-23&source_impression_id=p3_1723899945_P3BjeH8J8L2sI8lw&previous_page_section_name=1000&federated_search_id=bf372954-7778-4bc6-984c-785f9460d5a4
18,https://www.airbnb.com.vn/rooms/1197557403259617723?adults=1&children=0&enable_m3_private_room=true&infants=0&pets=0&search_mode=regular_search&check_in=2024-08-17&check_out=2024-08-22&source_impression_id=p3_1723899949_P39YKN8JlQ3gKmc9&previous_page_section_name=1000&federated_search_id=e67834b2-efed-4e1c-a79f-df32e3af9f39
19,https://www.airbnb.com.vn/rooms/686701260232102555?adults=1&children=0&enable_m3_private_room=true&infants=0&pets=0&search_mode=regular_search&check_in=2024-08-17&check_out=2024-08-22&source_impression_id=p3_1723899949_P3i5a25p1n0G-x5U&previous_page_section_name=1000&federated_search_id=e67834b2-efed-4e1c-a79f-df32e3af9f39
20,https://www.airbnb.com.vn/rooms/753111126120288445?adults=1&children=0&enable_m3_private_room=true&infants=0&pets=0&search_mode=regular_search&check_in=2024-08-19&check_out=2024-08-24&source_impression_id=p3_1723899950_P3pJp7Wj-qg5hXc5&previous_page_section_name=1000&federated_search_id=e67834b2-efed-4e1c-a79f-df32e3af9f39
21,https://www.airbnb.com.vn/rooms/1204123601752762951?adults=1&children=0&enable_m3_private_room=true&infants=0&pets=0&search_mode=regular_search&check_in=2024-08-26&check_out=2024-08-31&source_impression_id=p3_1723899950_P3KY0zt89xPkeheR&previous_page_section_name=1000&federated_search_id=e67834b2-efed-4e1c-a79f-df32e3af9f39
22,https://www.airbnb.com.vn/rooms/1013640536593986063?adults=1&children=0&enable_m3_private_room=true&infants=0&pets=0&search_mode=regular_search&check_in=2024-08-17&check_out=2024-08-22&source_impression_id=p3_1723899950_P3gisQE70eRAGg7e&previous_page_section_name=1000&federated_search_id=e67834b2-efed-4e1c-a79f-df32e3af9f39
23,https://www.airbnb.com.vn/rooms/879959317309815514?adults=1&children=0&enable_m3_private_room=true&infants=0&pets=0&search_mode=regular_search&check_in=2024-08-18&check_out=2024-08-23&source_impression_id=p3_1723899950_P30dEgWh1GrlKy08&previous_page_section_name=1000&federated_search_id=e67834b2-efed-4e1c-a79f-df32e3af9f39
24,https://www.airbnb.com.vn/rooms/1207817931049750936?adults=1&children=0&enable_m3_private_room=true&infants=0&pets=0&search_mode=regular_search&check_in=2024-08-17&check_out=2024-08-22&source_impression_id=p3_1723899950_P3blgjC80Y5zsLYr&previous_page_section_name=1000&federated_search_id=e67834b2-efed-4e1c-a79f-df32e3af9f39
25,https://www.airbnb.com.vn/rooms/24092728?adults=1&category_tag=Tag%3A8678&children=0&enable_m3_private_room=true&infants=0&pets=0&photo_id=471146581&search_mode=regular_search&check_in=2024-08-20&check_out=2024-08-25&source_impression_id=p3_1723899950_P3zEP27UKD8JxSq2&previous_page_section_name=1000&federated_search_id=e67834b2-efed-4e1c-a79f-df32e3af9f39
26,https://www.airbnb.com.vn/rooms/987926716894388540?adults=1&children=0&enable_m3_private_room=true&infants=0&pets=0&search_mode=regular_search&check_in=2024-08-23&check_out=2024-08-28&source_impression_id=p3_1723899950_P3OZfq5JGUyo3SGa&previous_page_section_name=1000&federated_search_id=e67834b2-efed-4e1c-a79f-df32e3af9f39
27,https://www.airbnb.com.vn/rooms/796670144212590183?adults=1&children=0&enable_m3_private_room=true&infants=0&pets=0&search_mode=regular_search&check_in=2024-08-17&check_out=2024-08-22&source_impression_id=p3_1723899950_P3IF9kR7ds9fReMt&previous_page_section_name=1000&federated_search_id=e67834b2-efed-4e1c-a79f-df32e3af9f39
28,https://www.airbnb.com.vn/rooms/53908218?adults=1&children=0&enable_m3_private_room=true&infants=0&pets=0&search_mode=regular_search&check_in=2024-08-23&check_out=2024-08-28&source_impression_id=p3_1723899950_P3wmlka2ES6ldsQ1&previous_page_section_name=1000&federated_search_id=e67834b2-efed-4e1c-a79f-df32e3af9f39
29,https://www.airbnb.com.vn/rooms/1222808136542505678?adults=1&children=0&enable_m3_private_room=true&infants=0&pets=0&search_mode=regular_search&check_in=2024-08-17&check_out=2024-08-22&source_impression_id=p3_1723899950_P3slfkagM5Km2isn&previous_page_section_name=1000&federated_search_id=e67834b2-efed-4e1c-a79f-df32e3af9f39
30,https://www.airbnb.com.vn/rooms/848836829018892745?adults=1&children=0&enable_m3_private_room=true&infants=0&pets=0&search_mode=regular_search&check_in=2024-08-17&check_out=2024-08-22&source_impression_id=p3_1723899950_P3pCKqSSwduzJ85r&previous_page_section_name=1000&federated_search_id=e67834b2-efed-4e1c-a79f-df32e3af9f39
31,https://www.airbnb.com.vn/rooms/1024202587107982159?adults=1&children=0&enable_m3_private_room=true&infants=0&pets=0&search_mode=regular_search&check_in=2024-08-18&check_out=2024-08-23&source_impression_id=p3_1723899950_P3tQ_JDp9DN5ntoU&previous_page_section_name=1000&federated_search_id=e67834b2-efed-4e1c-a79f-df32e3af9f39
32,https://www.airbnb.com.vn/rooms/972873441559867798?adults=1&children=0&enable_m3_private_room=true&infants=0&pets=0&search_mode=regular_search&check_in=2024-08-20&check_out=2024-08-25&source_impression_id=p3_1723899950_P3lBEg0pLVmDJHFw&previous_page_section_name=1000&federated_search_id=e67834b2-efed-4e1c-a79f-df32e3af9f39
33,https://www.airbnb.com.vn/rooms/917826457340929575?adults=1&children=0&enable_m3_private_room=true&infants=0&pets=0&search_mode=regular_search&check_in=2024-08-17&check_out=2024-08-22&source_impression_id=p3_1723899950_P3oqYv0mSkuXDnDc&previous_page_section_name=1000&federated_search_id=e67834b2-efed-4e1c-a79f-df32e3af9f39
34,https://www.airbnb.com.vn/rooms/1218550992181542696?adults=1&children=0&enable_m3_private_room=true&infants=0&pets=0&search_mode=regular_search&check_in=2024-08-17&check_out=2024-08-22&source_impression_id=p3_1723899950_P3M0nX7-bxD0G3Pj&previous_page_section_name=1000&federated_search_id=e67834b2-efed-4e1c-a79f-df32e3af9f39
35,https://www.airbnb.com.vn/rooms/774388211430321952?adults=1&category_tag=Tag%3A8678&children=0&enable_m3_private_room=true&infants=0&pets=0&photo_id=1539426623&search_mode=regular_search&check_in=2024-08-18&check_out=2024-08-23&source_impression_id=p3_1723899950_P3voQFufTjFtUiiV&previous_page_section_name=1000&federated_search_id=e67834b2-efed-4e1c-a79f-df32e3af9f39
36,https://www.airbnb.com.vn/rooms/1030280962762130556?adults=1&children=0&enable_m3_private_room=true&infants=0&pets=0&search_mode=regular_search&check_in=2024-08-22&check_out=2024-08-27&source_impression_id=p3_1723899952_P3xNEWECl7iGEIu2&previous_page_section_name=1000&federated_search_id=70137375-9dc4-4a70-9a52-111c1022a626
37,https://www.airbnb.com.vn/rooms/839637124832421043?adults=1&children=0&enable_m3_private_room=true&infants=0&pets=0&search_mode=regular_search&check_in=2024-08-17&check_out=2024-08-22&source_impression_id=p3_1723899953_P3X3OXGZrVV5jxbQ&previous_page_section_name=1000&federated_search_id=70137375-9dc4-4a70-9a52-111c1022a626
38,https://www.airbnb.com.vn/rooms/1219399529523525531?adults=1&category_tag=Tag%3A8678&children=0&enable_m3_private_room=true&infants=0&pets=0&photo_id=1971887226&search_mode=regular_search&check_in=2024-08-17&check_out=2024-08-22&source_impression_id=p3_1723899953_P3VPjIpGIES2JwwW&previous_page_section_name=1000&federated_search_id=70137375-9dc4-4a70-9a52-111c1022a626
39,https://www.airbnb.com.vn/rooms/1142326001611396435?adults=1&children=0&enable_m3_private_room=true&infants=0&pets=0&search_mode=regular_search&check_in=2024-08-18&check_out=2024-08-23&source_impression_id=p3_1723899953_P323ExEE637j9zv_&previous_page_section_name=1000&federated_search_id=70137375-9dc4-4a70-9a52-111c1022a626
40,https://www.airbnb.com.vn/rooms/1081656867296055072?adults=1&children=0&enable_m3_private_room=true&infants=0&pets=0&search_mode=regular_search&check_in=2024-08-25&check_out=2024-08-30&source_impression_id=p3_1723899953_P3Dbcde-pACZRWST&previous_page_section_name=1000&federated_search_id=70137375-9dc4-4a70-9a52-111c1022a626
41,https://www.airbnb.com.vn/rooms/1200708812779088258?adults=1&children=0&enable_m3_private_room=true&infants=0&pets=0&search_mode=regular_search&check_in=2024-08-21&check_out=2024-08-26&source_impression_id=p3_1723899953_P3yyHC5S6ntuMUJy&previous_page_section_name=1000&federated_search_id=70137375-9dc4-4a70-9a52-111c1022a626
42,https://www.airbnb.com.vn/rooms/1053305033830220353?adults=1&children=0&enable_m3_private_room=true&infants=0&pets=0&search_mode=regular_search&check_in=2024-08-17&check_out=2024-08-22&source_impression_id=p3_1723899953_P3Ft0Q9xJ2btFTak&previous_page_section_name=1000&federated_search_id=70137375-9dc4-4a70-9a52-111c1022a626
43,https://www.airbnb.com.vn/rooms/1155615430528138609?adults=1&category_tag=Tag%3A8678&children=0&enable_m3_private_room=true&infants=0&pets=0&photo_id=1905718497&search_mode=regular_search&check_in=2024-08-17&check_out=2024-08-22&source_impression_id=p3_1723899953_P3wpa8lwV-fgtLXT&previous_page_section_name=1000&federated_search_id=70137375-9dc4-4a70-9a52-111c1022a626
44,https://www.airbnb.com.vn/rooms/996686005766270955?adults=1&children=0&enable_m3_private_room=true&infants=0&pets=0&search_mode=regular_search&check_in=2024-08-18&check_out=2024-08-23&source_impression_id=p3_1723899953_P3MAXdKY6E_0hxrX&previous_page_section_name=1000&federated_search_id=70137375-9dc4-4a70-9a52-111c1022a626
45,https://www.airbnb.com.vn/rooms/841226328609891797?adults=1&children=0&enable_m3_private_room=true&infants=0&pets=0&search_mode=regular_search&check_in=2024-08-17&check_out=2024-08-22&source_impression_id=p3_1723899953_P3AAALzdmvrm-Kfx&previous_page_section_name=1000&federated_search_id=70137375-9dc4-4a70-9a52-111c1022a626
46,https://www.airbnb.com.vn/rooms/923627931937958352?adults=1&children=0&enable_m3_private_room=true&infants=0&pets=0&search_mode=regular_search&check_in=2024-08-18&check_out=2024-08-23&source_impression_id=p3_1723899953_P3ybGlcQ_htVqIlo&previous_page_section_name=1000&federated_search_id=70137375-9dc4-4a70-9a52-111c1022a626
47,https://www.airbnb.com.vn/rooms/42031110?adults=1&children=0&enable_m3_private_room=true&infants=0&pets=0&search_mode=regular_search&check_in=2024-08-18&check_out=2024-08-23&source_impression_id=p3_1723899953_P3jQIYU8obSqi9Ru&previous_page_section_name=1000&federated_search_id=70137375-9dc4-4a70-9a52-111c1022a626
48,https://www.airbnb.com.vn/rooms/900526231593858375?adults=1&category_tag=Tag%3A8678&children=0&enable_m3_private_room=true&infants=0&pets=0&photo_id=1661200959&search_mode=regular_search&check_in=2024-08-18&check_out=2024-08-23&source_impression_id=p3_1723899953_P34qPDbdWf6PBZy5&previous_page_section_name=1000&federated_search_id=70137375-9dc4-4a70-9a52-111c1022a626
49,https://www.airbnb.com.vn/rooms/1004723639532088946?adults=1&children=0&enable_m3_private_room=true&infants=0&pets=0&search_mode=regular_search&check_in=2024-08-19&check_out=2024-08-24&source_impression_id=p3_1723899953_P3_5LDTAEoS2gdhr&previous_page_section_name=1000&federated_search_id=70137375-9dc4-4a70-9a52-111c1022a626
50,https://www.airbnb.com.vn/rooms/1214915370091373471?adults=1&children=0&enable_m3_private_room=true&infants=0&pets=0&search_mode=regular_search&check_in=2024-08-19&check_out=2024-08-24&source_impression_id=p3_1723899953_P3JrGHKqQkV9NdPH&previous_page_section_name=1000&federated_search_id=70137375-9dc4-4a70-9a52-111c1022a626
51,https://www.airbnb.com.vn/rooms/918741717139926427?adults=1&children=0&enable_m3_private_room=true&infants=0&pets=0&search_mode=regular_search&check_in=2024-08-18&check_out=2024-08-23&source_impression_id=p3_1723899953_P3rQvm85WCiAsOX2&previous_page_section_name=1000&federated_search_id=70137375-9dc4-4a70-9a52-111c1022a626
52,https://www.airbnb.com.vn/rooms/1201464813404065169?adults=1&category_tag=Tag%3A8678&children=0&enable_m3_private_room=true&infants=0&pets=0&photo_id=1953317270&search_mode=regular_search&check_in=2024-08-17&check_out=2024-08-22&source_impression_id=p3_1723899953_P3zqu1f6NLsQbJFD&previous_page_section_name=1000&federated_search_id=70137375-9dc4-4a70-9a52-111c1022a626
53,https://www.airbnb.com.vn/rooms/1180421281784433904?adults=1&children=0&enable_m3_private_room=true&infants=0&pets=0&search_mode=regular_search&check_in=2024-08-30&check_out=2024-09-04&source_impression_id=p3_1723899953_P30surf6-4CUvSQJ&previous_page_section_name=1000&federated_search_id=70137375-9dc4-4a70-9a52-111c1022a626
54,https://www.airbnb.com.vn/rooms/918741717139926427?adults=1&children=0&enable_m3_private_room=true&infants=0&pets=0&search_mode=regular_search&check_in=2024-08-18&check_out=2024-08-23&source_impression_id=p3_1723899956_P3eqHSurs6D83PE8&previous_page_section_name=1000&federated_search_id=78724e10-019c-479a-a4d2-7ae5d2ecea4b
55,https://www.airbnb.com.vn/rooms/1180421281784433904?adults=1&children=0&enable_m3_private_room=true&infants=0&pets=0&search_mode=regular_search&check_in=2024-08-30&check_out=2024-09-04&source_impression_id=p3_1723899956_P3zpqMdHurWed-ZK&previous_page_section_name=1000&federated_search_id=78724e10-019c-479a-a4d2-7ae5d2ecea4b
56,https://www.airbnb.com.vn/rooms/25896078?adults=1&children=0&enable_m3_private_room=true&infants=0&pets=0&search_mode=regular_search&check_in=2024-09-01&check_out=2024-09-06&source_impression_id=p3_1723899956_P3hXD6KLT9ro-2wU&previous_page_section_name=1000&federated_search_id=78724e10-019c-479a-a4d2-7ae5d2ecea4b
57,https://www.airbnb.com.vn/rooms/1099643396935470156?adults=1&children=0&enable_m3_private_room=true&infants=0&pets=0&search_mode=regular_search&check_in=2024-08-18&check_out=2024-08-23&source_impression_id=p3_1723899956_P3A3wVM6TYg672cF&previous_page_section_name=1000&federated_search_id=78724e10-019c-479a-a4d2-7ae5d2ecea4b
58,https://www.airbnb.com.vn/rooms/1215111982906001017?adults=1&children=0&enable_m3_private_room=true&infants=0&pets=0&search_mode=regular_search&check_in=2024-08-17&check_out=2024-08-22&source_impression_id=p3_1723899956_P3fga4VgbnRxG6Hm&previous_page_section_name=1000&federated_search_id=78724e10-019c-479a-a4d2-7ae5d2ecea4b
59,https://www.airbnb.com.vn/rooms/711960758494920396?adults=1&children=0&enable_m3_private_room=true&infants=0&pets=0&search_mode=regular_search&check_in=2024-08-19&check_out=2024-08-24&source_impression_id=p3_1723899956_P3MXnWJPXWRdvrbJ&previous_page_section_name=1000&federated_search_id=78724e10-019c-479a-a4d2-7ae5d2ecea4b
60,https://www.airbnb.com.vn/rooms/1201464813404065169?adults=1&category_tag=Tag%3A8678&children=0&enable_m3_private_room=true&infants=0&pets=0&photo_id=1953317270&search_mode=regular_search&check_in=2024-08-17&check_out=2024-08-22&source_impression_id=p3_1723899956_P3F3mJJem3vfsAYw&previous_page_section_name=1000&federated_search_id=78724e10-019c-479a-a4d2-7ae5d2ecea4b
61,https://www.airbnb.com.vn/rooms/1154002845340474762?adults=1&children=0&enable_m3_private_room=true&infants=0&pets=0&search_mode=regular_search&check_in=2024-08-17&check_out=2024-08-22&source_impression_id=p3_1723899956_P3O2thZfU98ZakNN&previous_page_section_name=1000&federated_search_id=78724e10-019c-479a-a4d2-7ae5d2ecea4b
62,https://www.airbnb.com.vn/rooms/824532559427628642?adults=1&children=0&enable_m3_private_room=true&infants=0&pets=0&search_mode=regular_search&check_in=2024-08-19&check_out=2024-08-24&source_impression_id=p3_1723899956_P3v-EsRiGJKwh0gv&previous_page_section_name=1000&federated_search_id=78724e10-019c-479a-a4d2-7ae5d2ecea4b
63,https://www.airbnb.com.vn/rooms/1130252017647465707?adults=1&category_tag=Tag%3A8678&children=0&enable_m3_private_room=true&infants=0&pets=0&photo_id=1879526228&search_mode=regular_search&check_in=2024-09-02&check_out=2024-09-07&source_impression_id=p3_1723899956_P3TyYWa-U12rmQq6&previous_page_section_name=1000&federated_search_id=78724e10-019c-479a-a4d2-7ae5d2ecea4b
64,https://www.airbnb.com.vn/rooms/1198339152063263584?adults=1&children=0&enable_m3_private_room=true&infants=0&pets=0&search_mode=regular_search&check_in=2024-08-30&check_out=2024-09-04&source_impression_id=p3_1723899956_P3zl9RcCThZKQD66&previous_page_section_name=1000&federated_search_id=78724e10-019c-479a-a4d2-7ae5d2ecea4b
65,https://www.airbnb.com.vn/rooms/1200495236993586323?adults=1&children=0&enable_m3_private_room=true&infants=0&pets=0&search_mode=regular_search&check_in=2024-08-24&check_out=2024-08-29&source_impression_id=p3_1723899956_P3vwdsK8GBhlrnVZ&previous_page_section_name=1000&federated_search_id=78724e10-019c-479a-a4d2-7ae5d2ecea4b
66,https://www.airbnb.com.vn/rooms/862539815186536303?adults=1&children=0&enable_m3_private_room=true&infants=0&pets=0&search_mode=regular_search&check_in=2024-08-18&check_out=2024-08-23&source_impression_id=p3_1723899956_P3dfmjXK9nO8BHvX&previous_page_section_name=1000&federated_search_id=78724e10-019c-479a-a4d2-7ae5d2ecea4b
67,https://www.airbnb.com.vn/rooms/1210188841673851054?adults=1&category_tag=Tag%3A8678&children=0&enable_m3_private_room=true&infants=0&pets=0&photo_id=1962855304&search_mode=regular_search&check_in=2024-08-17&check_out=2024-08-22&source_impression_id=p3_1723899956_P3MX24taMKenRg4n&previous_page_section_name=1000&federated_search_id=78724e10-019c-479a-a4d2-7ae5d2ecea4b
68,https://www.airbnb.com.vn/rooms/1148504339572909036?adults=1&children=0&enable_m3_private_room=true&infants=0&pets=0&search_mode=regular_search&check_in=2024-08-17&check_out=2024-08-22&source_impression_id=p3_1723899956_P31MdKPxmefTOBHl&previous_page_section_name=1000&federated_search_id=78724e10-019c-479a-a4d2-7ae5d2ecea4b
69,https://www.airbnb.com.vn/rooms/904271076733579454?adults=1&children=0&enable_m3_private_room=true&infants=0&pets=0&search_mode=regular_search&check_in=2024-08-18&check_out=2024-08-23&source_impression_id=p3_1723899956_P3RYSLABOfoIyVJd&previous_page_section_name=1000&federated_search_id=78724e10-019c-479a-a4d2-7ae5d2ecea4b
70,https://www.airbnb.com.vn/rooms/42236178?adults=1&children=0&enable_m3_private_room=true&infants=0&pets=0&search_mode=regular_search&check_in=2024-08-18&check_out=2024-08-23&source_impression_id=p3_1723899956_P37-F38ZJ741adfw&previous_page_section_name=1000&federated_search_id=78724e10-019c-479a-a4d2-7ae5d2ecea4b
71,https://www.airbnb.com.vn/rooms/632181936678012934?adults=1&children=0&enable_m3_private_room=true&infants=0&pets=0&search_mode=regular_search&check_in=2024-08-18&check_out=2024-08-23&source_impression_id=p3_1723899956_P3COctGfyrR17DJm&previous_page_section_name=1000&federated_search_id=78724e10-019c-479a-a4d2-7ae5d2ecea4b
72,https://www.airbnb.com.vn/rooms/1099989425920478474?adults=1&children=0&enable_m3_private_room=true&infants=0&pets=0&search_mode=regular_search&check_in=2024-08-19&check_out=2024-08-24&source_impression_id=p3_1723899958_P3sLFvWJ52tC8qAA&previous_page_section_name=1000&federated_search_id=fb7be766-a69c-42e4-9704-2d6bded96ffa
73,https://www.airbnb.com.vn/rooms/1056920511102445888?adults=1&children=0&enable_m3_private_room=true&infants=0&pets=0&search_mode=regular_search&check_in=2024-08-17&check_out=2024-08-22&source_impression_id=p3_1723899959_P33YGQ5PNFrXDFmI&previous_page_section_name=1000&federated_search_id=fb7be766-a69c-42e4-9704-2d6bded96ffa
74,https://www.airbnb.com.vn/rooms/1117901973868714933?adults=1&category_tag=Tag%3A8678&children=0&enable_m3_private_room=true&infants=0&pets=0&photo_id=1969576014&search_mode=regular_search&check_in=2024-09-02&check_out=2024-09-07&source_impression_id=p3_1723899959_P3XNy9Kl0Kc-jG36&previous_page_section_name=1000&federated_search_id=fb7be766-a69c-42e4-9704-2d6bded96ffa
75,https://www.airbnb.com.vn/rooms/1159103098217113310?adults=1&children=0&enable_m3_private_room=true&infants=0&pets=0&search_mode=regular_search&check_in=2024-09-01&check_out=2024-09-06&source_impression_id=p3_1723899959_P3avbnEFhb9mDeii&previous_page_section_name=1000&federated_search_id=fb7be766-a69c-42e4-9704-2d6bded96ffa
76,https://www.airbnb.com.vn/rooms/24068079?adults=1&category_tag=Tag%3A8678&children=0&enable_m3_private_room=true&infants=0&pets=0&photo_id=470293698&search_mode=regular_search&check_in=2024-08-19&check_out=2024-08-24&source_impression_id=p3_1723899959_P3f_azWqeSMebt1R&previous_page_section_name=1000&federated_search_id=fb7be766-a69c-42e4-9704-2d6bded96ffa
77,https://www.airbnb.com.vn/rooms/1069445941874942312?adults=1&children=0&enable_m3_private_room=true&infants=0&pets=0&search_mode=regular_search&check_in=2024-08-18&check_out=2024-08-23&source_impression_id=p3_1723899959_P3_-PLNIKaPgGZP9&previous_page_section_name=1000&federated_search_id=fb7be766-a69c-42e4-9704-2d6bded96ffa
78,https://www.airbnb.com.vn/rooms/1212737938147419887?adults=1&category_tag=Tag%3A8678&children=0&enable_m3_private_room=true&infants=0&pets=0&photo_id=1965502510&search_mode=regular_search&check_in=2024-08-18&check_out=2024-08-23&source_impression_id=p3_1723899959_P35_4SAeddUy9e0O&previous_page_section_name=1000&federated_search_id=fb7be766-a69c-42e4-9704-2d6bded96ffa
79,https://www.airbnb.com.vn/rooms/1043191877807686324?adults=1&children=0&enable_m3_private_room=true&infants=0&pets=0&search_mode=regular_search&check_in=2024-08-17&check_out=2024-08-22&source_impression_id=p3_1723899959_P3Twxq0aoUscCcHy&previous_page_section_name=1000&federated_search_id=fb7be766-a69c-42e4-9704-2d6bded96ffa
80,https://www.airbnb.com.vn/rooms/1086478812429657730?adults=1&children=0&enable_m3_private_room=true&infants=0&pets=0&search_mode=regular_search&check_in=2024-08-18&check_out=2024-08-23&source_impression_id=p3_1723899959_P3LeFll7MIpj4NZN&previous_page_section_name=1000&federated_search_id=fb7be766-a69c-42e4-9704-2d6bded96ffa
81,https://www.airbnb.com.vn/rooms/903318992424485376?adults=1&category_tag=Tag%3A8678&children=0&enable_m3_private_room=true&infants=0&pets=0&photo_id=1678336127&search_mode=regular_search&check_in=2024-08-17&check_out=2024-08-22&source_impression_id=p3_1723899959_P39whmKs1ML8y26y&previous_page_section_name=1000&federated_search_id=fb7be766-a69c-42e4-9704-2d6bded96ffa
82,https://www.airbnb.com.vn/rooms/43492362?adults=1&children=0&enable_m3_private_room=true&infants=0&pets=0&search_mode=regular_search&check_in=2024-08-18&check_out=2024-08-23&source_impression_id=p3_1723899959_P3CeN8OGYOwjY_UT&previous_page_section_name=1000&federated_search_id=fb7be766-a69c-42e4-9704-2d6bded96ffa
83,https://www.airbnb.com.vn/rooms/978778814822974807?adults=1&children=0&enable_m3_private_room=true&infants=0&pets=0&search_mode=regular_search&check_in=2024-08-27&check_out=2024-09-01&source_impression_id=p3_1723899959_P3iwbTWgKAQi0170&previous_page_section_name=1000&federated_search_id=fb7be766-a69c-42e4-9704-2d6bded96ffa
84,https://www.airbnb.com.vn/rooms/42344215?adults=1&children=0&enable_m3_private_room=true&infants=0&pets=0&search_mode=regular_search&check_in=2024-08-19&check_out=2024-08-24&source_impression_id=p3_1723899959_P39mX20zXGNUmdih&previous_page_section_name=1000&federated_search_id=fb7be766-a69c-42e4-9704-2d6bded96ffa
85,https://www.airbnb.com.vn/rooms/846819270885155226?adults=1&category_tag=Tag%3A8678&children=0&enable_m3_private_room=true&infants=0&pets=0&photo_id=1615560196&search_mode=regular_search&check_in=2024-08-18&check_out=2024-08-23&source_impression_id=p3_1723899959_P3dIjjT9tmZ6AuvF&previous_page_section_name=1000&federated_search_id=fb7be766-a69c-42e4-9704-2d6bded96ffa
86,https://www.airbnb.com.vn/rooms/1220286871108893546?adults=1&children=0&enable_m3_private_room=true&infants=0&pets=0&search_mode=regular_search&check_in=2024-08-25&check_out=2024-08-30&source_impression_id=p3_1723899959_P3FMVIwfHM--lHUq&previous_page_section_name=1000&federated_search_id=fb7be766-a69c-42e4-9704-2d6bded96ffa
87,https://www.airbnb.com.vn/rooms/1040326227123193407?adults=1&children=0&enable_m3_private_room=true&infants=0&pets=0&search_mode=regular_search&check_in=2024-08-20&check_out=2024-08-25&source_impression_id=p3_1723899959_P3xjfea13xaOtRCd&previous_page_section_name=1000&federated_search_id=fb7be766-a69c-42e4-9704-2d6bded96ffa
88,https://www.airbnb.com.vn/rooms/1165535960450021072?adults=1&children=0&enable_m3_private_room=true&infants=0&pets=0&search_mode=regular_search&check_in=2024-08-17&check_out=2024-08-22&source_impression_id=p3_1723899959_P3qYn0YflaeVVmxJ&previous_page_section_name=1000&federated_search_id=fb7be766-a69c-42e4-9704-2d6bded96ffa
89,https://www.airbnb.com.vn/rooms/1015663545469610721?adults=1&children=0&enable_m3_private_room=true&infants=0&pets=0&search_mode=regular_search&check_in=2024-08-17&check_out=2024-08-22&source_impression_id=p3_1723899959_P3fJkr6WxH6hPJMb&previous_page_section_name=1000&federated_search_id=fb7be766-a69c-42e4-9704-2d6bded96ffa
90,https://www.airbnb.com.vn/rooms/1117901973868714933?adults=1&category_tag=Tag%3A8678&children=0&enable_m3_private_room=true&infants=0&pets=0&photo_id=1969576014&search_mode=regular_search&check_in=2024-09-02&check_out=2024-09-07&source_impression_id=p3_1723899960_P3Cw2ZiOU6I_tNFL&previous_page_section_name=1000&federated_search_id=930b9be5-1bc7-4202-9454-39a07df22825
91,https://www.airbnb.com.vn/rooms/36303405?adults=1&children=0&enable_m3_private_room=true&infants=0&pets=0&search_mode=regular_search&check_in=2024-08-17&check_out=2024-08-22&source_impression_id=p3_1723899961_P38IwPYweXxZNsq_&previous_page_section_name=1000&federated_search_id=930b9be5-1bc7-4202-9454-39a07df22825
92,https://www.airbnb.com.vn/rooms/25902258?adults=1&children=0&enable_m3_private_room=true&infants=0&pets=0&search_mode=regular_search&check_in=2024-08-26&check_out=2024-08-31&source_impression_id=p3_1723899961_P3ME4oox1sF5Bz_g&previous_page_section_name=1000&federated_search_id=930b9be5-1bc7-4202-9454-39a07df22825
93,https://www.airbnb.com.vn/rooms/1056920511102445888?adults=1&children=0&enable_m3_private_room=true&infants=0&pets=0&search_mode=regular_search&check_in=2024-08-17&check_out=2024-08-22&source_impression_id=p3_1723899961_P39m9Ca_zKu6DrxF&previous_page_section_name=1000&federated_search_id=930b9be5-1bc7-4202-9454-39a07df22825
94,https://www.airbnb.com.vn/rooms/1212737938147419887?adults=1&category_tag=Tag%3A8678&children=0&enable_m3_private_room=true&infants=0&pets=0&photo_id=1965502510&search_mode=regular_search&check_in=2024-08-18&check_out=2024-08-23&source_impression_id=p3_1723899961_P35MhA0ONf7KmSlh&previous_page_section_name=1000&federated_search_id=930b9be5-1bc7-4202-9454-39a07df22825
95,https://www.airbnb.com.vn/rooms/903318992424485376?adults=1&category_tag=Tag%3A8678&children=0&enable_m3_private_room=true&infants=0&pets=0&photo_id=1678336127&search_mode=regular_search&check_in=2024-08-17&check_out=2024-08-22&source_impression_id=p3_1723899961_P3r4bhYB500cn8pl&previous_page_section_name=1000&federated_search_id=930b9be5-1bc7-4202-9454-39a07df22825
96,https://www.airbnb.com.vn/rooms/1069445941874942312?adults=1&children=0&enable_m3_private_room=true&infants=0&pets=0&search_mode=regular_search&check_in=2024-08-18&check_out=2024-08-23&source_impression_id=p3_1723899961_P3be9tO5NR_Ljb9p&previous_page_section_name=1000&federated_search_id=930b9be5-1bc7-4202-9454-39a07df22825
97,https://www.airbnb.com.vn/rooms/978778814822974807?adults=1&children=0&enable_m3_private_room=true&infants=0&pets=0&search_mode=regular_search&check_in=2024-08-27&check_out=2024-09-01&source_impression_id=p3_1723899961_P3d2a91F1zKs3C3T&previous_page_section_name=1000&federated_search_id=930b9be5-1bc7-4202-9454-39a07df22825
98,https://www.airbnb.com.vn/rooms/1043191877807686324?adults=1&children=0&enable_m3_private_room=true&infants=0&pets=0&search_mode=regular_search&check_in=2024-08-17&check_out=2024-08-22&source_impression_id=p3_1723899961_P3Dsua5aeUj1M5ZV&previous_page_section_name=1000&federated_search_id=930b9be5-1bc7-4202-9454-39a07df22825
99,https://www.airbnb.com.vn/rooms/1086478812429657730?adults=1&children=0&enable_m3_private_room=true&infants=0&pets=0&search_mode=regular_search&check_in=2024-08-18&check_out=2024-08-23&source_impression_id=p3_1723899961_P3All1oKbT6_lH9m&previous_page_section_name=1000&federated_search_id=930b9be5-1bc7-4202-9454-39a07df22825
100,https://www.airbnb.com.vn/rooms/846819270885155226?adults=1&category_tag=Tag%3A8678&children=0&enable_m3_private_room=true&infants=0&pets=0&photo_id=1615560196&search_mode=regular_search&check_in=2024-08-18&check_out=2024-08-23&source_impression_id=p3_1723899961_P3pcmburm72xF5DK&previous_page_section_name=1000&federated_search_id=930b9be5-1bc7-4202-9454-39a07df22825
101,https://www.airbnb.com.vn/rooms/1220286871108893546?adults=1&children=0&enable_m3_private_room=true&infants=0&pets=0&search_mode=regular_search&check_in=2024-08-25&check_out=2024-08-30&source_impression_id=p3_1723899961_P3w7qfd6VNCeqjN7&previous_page_section_name=1000&federated_search_id=930b9be5-1bc7-4202-9454-39a07df22825
102,https://www.airbnb.com.vn/rooms/43492362?adults=1&children=0&enable_m3_private_room=true&infants=0&pets=0&search_mode=regular_search&check_in=2024-08-18&check_out=2024-08-23&source_impression_id=p3_1723899961_P3oAdgbCRBuAYiWc&previous_page_section_name=1000&federated_search_id=930b9be5-1bc7-4202-9454-39a07df22825
103,https://www.airbnb.com.vn/rooms/1040326227123193407?adults=1&children=0&enable_m3_private_room=true&infants=0&pets=0&search_mode=regular_search&check_in=2024-08-20&check_out=2024-08-25&source_impression_id=p3_1723899961_P34dodQcPOX3OH-q&previous_page_section_name=1000&federated_search_id=930b9be5-1bc7-4202-9454-39a07df22825
104,https://www.airbnb.com.vn/rooms/1165535960450021072?adults=1&children=0&enable_m3_private_room=true&infants=0&pets=0&search_mode=regular_search&check_in=2024-08-17&check_out=2024-08-22&source_impression_id=p3_1723899961_P3s0TVK497GRcdsr&previous_page_section_name=1000&federated_search_id=930b9be5-1bc7-4202-9454-39a07df22825
105,https://www.airbnb.com.vn/rooms/42105684?adults=1&children=0&enable_m3_private_room=true&infants=0&pets=0&search_mode=regular_search&check_in=2024-08-19&check_out=2024-08-24&source_impression_id=p3_1723899961_P3H17r7KKXH-P39b&previous_page_section_name=1000&federated_search_id=930b9be5-1bc7-4202-9454-39a07df22825
106,https://www.airbnb.com.vn/rooms/1015663545469610721?adults=1&children=0&enable_m3_private_room=true&infants=0&pets=0&search_mode=regular_search&check_in=2024-08-17&check_out=2024-08-22&source_impression_id=p3_1723899961_P39S3WYylkZ3Wx6_&previous_page_section_name=1000&federated_search_id=930b9be5-1bc7-4202-9454-39a07df22825
107,https://www.airbnb.com.vn/rooms/823143988308120871?adults=1&children=0&enable_m3_private_room=true&infants=0&pets=0&search_mode=regular_search&check_in=2024-08-20&check_out=2024-08-25&source_impression_id=p3_1723899961_P3_Sr83Z1mMa5Rg4&previous_page_section_name=1000&federated_search_id=930b9be5-1bc7-4202-9454-39a07df22825
108,https://www.airbnb.com.vn/rooms/1198534893403821980?adults=1&children=0&enable_m3_private_room=true&infants=0&pets=0&search_mode=regular_search&check_in=2024-08-18&check_out=2024-08-23&source_impression_id=p3_1723899963_P3q4IZqbDSqJQGb1&previous_page_section_name=1000&federated_search_id=7ea818c1-8df1-4bf3-bac9-bab56deb25cb
109,https://www.airbnb.com.vn/rooms/1212733463350954771?adults=1&category_tag=Tag%3A8678&children=0&enable_m3_private_room=true&infants=0&pets=0&photo_id=1965467438&search_mode=regular_search&check_in=2024-08-18&check_out=2024-08-23&source_impression_id=p3_1723899964_P3gI6qhJFcRAF0QA&previous_page_section_name=1000&federated_search_id=7ea818c1-8df1-4bf3-bac9-bab56deb25cb
110,https://www.airbnb.com.vn/rooms/889502789544410820?adults=1&children=0&enable_m3_private_room=true&infants=0&pets=0&search_mode=regular_search&check_in=2024-08-17&check_out=2024-08-22&source_impression_id=p3_1723899964_P3l0GmVs73dPdtIo&previous_page_section_name=1000&federated_search_id=7ea818c1-8df1-4bf3-bac9-bab56deb25cb
111,https://www.airbnb.com.vn/rooms/1139728402913363577?adults=1&category_tag=Tag%3A8678&children=0&enable_m3_private_room=true&infants=0&pets=0&photo_id=1888995143&search_mode=regular_search&check_in=2024-08-18&check_out=2024-08-23&source_impression_id=p3_1723899964_P3eUT5s-jy3HZHW5&previous_page_section_name=1000&federated_search_id=7ea818c1-8df1-4bf3-bac9-bab56deb25cb
112,https://www.airbnb.com.vn/rooms/1195443472557451935?adults=1&category_tag=Tag%3A8678&children=0&enable_m3_private_room=true&infants=0&pets=0&photo_id=1947111868&search_mode=regular_search&check_in=2024-08-19&check_out=2024-08-24&source_impression_id=p3_1723899964_P3NOndCSFZ_puYx3&previous_page_section_name=1000&federated_search_id=7ea818c1-8df1-4bf3-bac9-bab56deb25cb
113,https://www.airbnb.com.vn/rooms/1215935529333607749?adults=1&children=0&enable_m3_private_room=true&infants=0&pets=0&search_mode=regular_search&check_in=2024-08-22&check_out=2024-08-27&source_impression_id=p3_1723899964_P3WbOPoZE104tRaR&previous_page_section_name=1000&federated_search_id=7ea818c1-8df1-4bf3-bac9-bab56deb25cb
114,https://www.airbnb.com.vn/rooms/1127335175616778149?adults=1&children=0&enable_m3_private_room=true&infants=0&pets=0&search_mode=regular_search&check_in=2024-08-19&check_out=2024-08-24&source_impression_id=p3_1723899964_P3iDUmaP-H-zDOOm&previous_page_section_name=1000&federated_search_id=7ea818c1-8df1-4bf3-bac9-bab56deb25cb
115,https://www.airbnb.com.vn/rooms/1149060061708465852?adults=1&category_tag=Tag%3A8678&children=0&enable_m3_private_room=true&infants=0&pets=0&photo_id=1903724373&search_mode=regular_search&check_in=2024-08-20&check_out=2024-08-25&source_impression_id=p3_1723899964_P36Cr5EWrFiRIhYI&previous_page_section_name=1000&federated_search_id=7ea818c1-8df1-4bf3-bac9-bab56deb25cb
116,https://www.airbnb.com.vn/rooms/595599188098248992?adults=1&children=0&enable_m3_private_room=true&infants=0&pets=0&search_mode=regular_search&check_in=2024-08-18&check_out=2024-08-23&source_impression_id=p3_1723899964_P3_cajftV6vGt___&previous_page_section_name=1000&federated_search_id=7ea818c1-8df1-4bf3-bac9-bab56deb25cb
117,https://www.airbnb.com.vn/rooms/1212724867199650601?adults=1&children=0&enable_m3_private_room=true&infants=0&pets=0&search_mode=regular_search&check_in=2024-08-19&check_out=2024-08-24&source_impression_id=p3_1723899964_P3Ea1cojwCXtJOyr&previous_page_section_name=1000&federated_search_id=7ea818c1-8df1-4bf3-bac9-bab56deb25cb
118,https://www.airbnb.com.vn/rooms/672074971845085211?adults=1&children=0&enable_m3_private_room=true&infants=0&pets=0&search_mode=regular_search&check_in=2024-08-17&check_out=2024-08-22&source_impression_id=p3_1723899964_P3o82VUW8LHmsJJB&previous_page_section_name=1000&federated_search_id=7ea818c1-8df1-4bf3-bac9-bab56deb25cb
119,https://www.airbnb.com.vn/rooms/1176714036139305194?adults=1&children=0&enable_m3_private_room=true&infants=0&pets=0&search_mode=regular_search&check_in=2024-08-18&check_out=2024-08-23&source_impression_id=p3_1723899964_P323YeZZO7TNFUiw&previous_page_section_name=1000&federated_search_id=7ea818c1-8df1-4bf3-bac9-bab56deb25cb
120,https://www.airbnb.com.vn/rooms/1119835879104558729?adults=1&children=0&enable_m3_private_room=true&infants=0&pets=0&search_mode=regular_search&check_in=2024-08-18&check_out=2024-08-23&source_impression_id=p3_1723899964_P3C6ITjjYEedH2WQ&previous_page_section_name=1000&federated_search_id=7ea818c1-8df1-4bf3-bac9-bab56deb25cb
121,https://www.airbnb.com.vn/rooms/34983031?adults=1&children=0&enable_m3_private_room=true&infants=0&pets=0&search_mode=regular_search&check_in=2024-08-18&check_out=2024-08-23&source_impression_id=p3_1723899964_P3Zo5OC7k9cV_I3r&previous_page_section_name=1000&federated_search_id=7ea818c1-8df1-4bf3-bac9-bab56deb25cb
122,https://www.airbnb.com.vn/rooms/790403141651304942?adults=1&children=0&enable_m3_private_room=true&infants=0&pets=0&search_mode=regular_search&check_in=2024-08-26&check_out=2024-08-31&source_impression_id=p3_1723899964_P3Y2DjqMVc98_lK2&previous_page_section_name=1000&federated_search_id=7ea818c1-8df1-4bf3-bac9-bab56deb25cb
123,https://www.airbnb.com.vn/rooms/1180420489289053671?adults=1&children=0&enable_m3_private_room=true&infants=0&pets=0&search_mode=regular_search&check_in=2024-09-04&check_out=2024-09-09&source_impression_id=p3_1723899964_P3M3R32DfxyQmbly&previous_page_section_name=1000&federated_search_id=7ea818c1-8df1-4bf3-bac9-bab56deb25cb
124,https://www.airbnb.com.vn/rooms/43537885?adults=1&children=0&enable_m3_private_room=true&infants=0&pets=0&search_mode=regular_search&check_in=2024-08-18&check_out=2024-08-23&source_impression_id=p3_1723899964_P3RwA5hnWbyDW4kG&previous_page_section_name=1000&federated_search_id=7ea818c1-8df1-4bf3-bac9-bab56deb25cb
125,https://www.airbnb.com.vn/rooms/42787439?adults=1&category_tag=Tag%3A8678&children=0&enable_m3_private_room=true&infants=0&pets=0&photo_id=1031491346&search_mode=regular_search&check_in=2024-08-17&check_out=2024-08-22&source_impression_id=p3_1723899964_P3zPkzjvOMd-5P7-&previous_page_section_name=1000&federated_search_id=7ea818c1-8df1-4bf3-bac9-bab56deb25cb
126,https://www.airbnb.com.vn/rooms/1107678475420939931?adults=1&children=0&enable_m3_private_room=true&infants=0&pets=0&search_mode=regular_search&check_in=2024-08-17&check_out=2024-08-22&source_impression_id=p3_1723899966_P3_ewlYi9bdhtV0h&previous_page_section_name=1000&federated_search_id=3d62ecdf-b12c-48b8-bf79-b2b8c78e036c
127,https://www.airbnb.com.vn/rooms/841228399880392089?adults=1&children=0&enable_m3_private_room=true&infants=0&pets=0&search_mode=regular_search&check_in=2024-08-18&check_out=2024-08-23&source_impression_id=p3_1723899967_P3SD2WmrexuC3BG8&previous_page_section_name=1000&federated_search_id=3d62ecdf-b12c-48b8-bf79-b2b8c78e036c
128,https://www.airbnb.com.vn/rooms/1056195429588674831?adults=1&children=0&enable_m3_private_room=true&infants=0&pets=0&search_mode=regular_search&check_in=2024-08-18&check_out=2024-08-23&source_impression_id=p3_1723899967_P3Wpeqt3mNQAwXLz&previous_page_section_name=1000&federated_search_id=3d62ecdf-b12c-48b8-bf79-b2b8c78e036c
129,https://www.airbnb.com.vn/rooms/1085217426047530356?adults=1&category_tag=Tag%3A8678&children=0&enable_m3_private_room=true&infants=0&pets=0&photo_id=1968339656&search_mode=regular_search&check_in=2024-08-17&check_out=2024-08-22&source_impression_id=p3_1723899967_P3o1acSXjIhMyHJx&previous_page_section_name=1000&federated_search_id=3d62ecdf-b12c-48b8-bf79-b2b8c78e036c
130,https://www.airbnb.com.vn/rooms/24056720?adults=1&category_tag=Tag%3A8678&children=0&enable_m3_private_room=true&infants=0&pets=0&photo_id=470269607&search_mode=regular_search&check_in=2024-08-20&check_out=2024-08-25&source_impression_id=p3_1723899967_P3Oxl-MNB3yYoLO4&previous_page_section_name=1000&federated_search_id=3d62ecdf-b12c-48b8-bf79-b2b8c78e036c
131,https://www.airbnb.com.vn/rooms/927469887311755470?adults=1&children=0&enable_m3_private_room=true&infants=0&pets=0&search_mode=regular_search&check_in=2024-08-25&check_out=2024-08-30&source_impression_id=p3_1723899967_P3ELcc4Oo1yXkhBX&previous_page_section_name=1000&federated_search_id=3d62ecdf-b12c-48b8-bf79-b2b8c78e036c
132,https://www.airbnb.com.vn/rooms/47059074?adults=1&children=0&enable_m3_private_room=true&infants=0&pets=0&search_mode=regular_search&check_in=2024-08-17&check_out=2024-08-22&source_impression_id=p3_1723899967_P3w7Y6ssENGMeizU&previous_page_section_name=1000&federated_search_id=3d62ecdf-b12c-48b8-bf79-b2b8c78e036c
133,https://www.airbnb.com.vn/rooms/41583509?adults=1&children=0&enable_m3_private_room=true&infants=0&pets=0&search_mode=regular_search&check_in=2024-08-18&check_out=2024-08-23&source_impression_id=p3_1723899967_P3VYKhann09hdhxw&previous_page_section_name=1000&federated_search_id=3d62ecdf-b12c-48b8-bf79-b2b8c78e036c
134,https://www.airbnb.com.vn/rooms/1203473684314921795?adults=1&children=0&enable_m3_private_room=true&infants=0&pets=0&search_mode=regular_search&check_in=2024-08-29&check_out=2024-09-03&source_impression_id=p3_1723899967_P3SKd9cdQYLlpDMj&previous_page_section_name=1000&federated_search_id=3d62ecdf-b12c-48b8-bf79-b2b8c78e036c
135,https://www.airbnb.com.vn/rooms/1096160485960984810?adults=1&children=0&enable_m3_private_room=true&infants=0&pets=0&search_mode=regular_search&check_in=2024-08-17&check_out=2024-08-22&source_impression_id=p3_1723899967_P3Yv8jQj8bBjBb9V&previous_page_section_name=1000&federated_search_id=3d62ecdf-b12c-48b8-bf79-b2b8c78e036c
136,https://www.airbnb.com.vn/rooms/1123521333933605134?adults=1&children=0&enable_m3_private_room=true&infants=0&pets=0&search_mode=regular_search&check_in=2024-08-17&check_out=2024-08-22&source_impression_id=p3_1723899967_P32LzJrkA_ZAbcna&previous_page_section_name=1000&federated_search_id=3d62ecdf-b12c-48b8-bf79-b2b8c78e036c
137,https://www.airbnb.com.vn/rooms/836723060829453268?adults=1&children=0&enable_m3_private_room=true&infants=0&pets=0&search_mode=regular_search&check_in=2024-08-17&check_out=2024-08-22&source_impression_id=p3_1723899967_P3EEfsPw8vbecgC9&previous_page_section_name=1000&federated_search_id=3d62ecdf-b12c-48b8-bf79-b2b8c78e036c
138,https://www.airbnb.com.vn/rooms/908181153590352571?adults=1&children=0&enable_m3_private_room=true&infants=0&pets=0&search_mode=regular_search&check_in=2024-08-26&check_out=2024-08-31&source_impression_id=p3_1723899967_P32E5pUMq741bs3M&previous_page_section_name=1000&federated_search_id=3d62ecdf-b12c-48b8-bf79-b2b8c78e036c
139,https://www.airbnb.com.vn/rooms/1205516387929766889?adults=1&category_tag=Tag%3A8678&children=0&enable_m3_private_room=true&infants=0&pets=0&photo_id=1957692716&search_mode=regular_search&check_in=2024-08-29&check_out=2024-09-03&source_impression_id=p3_1723899967_P3KsJgQwC5JyQmpV&previous_page_section_name=1000&federated_search_id=3d62ecdf-b12c-48b8-bf79-b2b8c78e036c
140,https://www.airbnb.com.vn/rooms/665102660109739656?adults=1&category_tag=Tag%3A8678&children=0&enable_m3_private_room=true&infants=0&pets=0&photo_id=1449094130&search_mode=regular_search&check_in=2024-08-30&check_out=2024-09-04&source_impression_id=p3_1723899967_P3llQpbH1MYKcHhF&previous_page_section_name=1000&federated_search_id=3d62ecdf-b12c-48b8-bf79-b2b8c78e036c
141,https://www.airbnb.com.vn/rooms/1152461684031041896?adults=1&children=0&enable_m3_private_room=true&infants=0&pets=0&search_mode=regular_search&check_in=2024-09-15&check_out=2024-09-20&source_impression_id=p3_1723899967_P3ZbHu5jRKadAYiv&previous_page_section_name=1000&federated_search_id=3d62ecdf-b12c-48b8-bf79-b2b8c78e036c
142,https://www.airbnb.com.vn/rooms/770766488132952056?adults=1&children=0&enable_m3_private_room=true&infants=0&pets=0&search_mode=regular_search&check_in=2024-08-17&check_out=2024-08-22&source_impression_id=p3_1723899967_P3BsKiQBb1igPdEv&previous_page_section_name=1000&federated_search_id=3d62ecdf-b12c-48b8-bf79-b2b8c78e036c
143,https://www.airbnb.com.vn/rooms/997862779520762232?adults=1&category_tag=Tag%3A8678&children=0&enable_m3_private_room=true&infants=0&pets=0&photo_id=1786375848&search_mode=regular_search&check_in=2024-08-18&check_out=2024-08-23&source_impression_id=p3_1723899967_P3E38do4Ix8id0Y8&previous_page_section_name=1000&federated_search_id=3d62ecdf-b12c-48b8-bf79-b2b8c78e036c
144,https://www.airbnb.com.vn/rooms/24056720?adults=1&category_tag=Tag%3A8678&children=0&enable_m3_private_room=true&infants=0&pets=0&photo_id=470269607&search_mode=regular_search&check_in=2024-08-20&check_out=2024-08-25&source_impression_id=p3_1723899969_P37WAP6DwR8N0iew&previous_page_section_name=1000&federated_search_id=eae7f781-5349-4c17-923e-f0e71e8844c5
145,https://www.airbnb.com.vn/rooms/925974022029019363?adults=1&children=0&enable_m3_private_room=true&infants=0&pets=0&search_mode=regular_search&check_in=2024-08-31&check_out=2024-09-05&source_impression_id=p3_1723899970_P3GFEn7MQiZ3TPK0&previous_page_section_name=1000&federated_search_id=eae7f781-5349-4c17-923e-f0e71e8844c5
146,https://www.airbnb.com.vn/rooms/1107678475420939931?adults=1&children=0&enable_m3_private_room=true&infants=0&pets=0&search_mode=regular_search&check_in=2024-08-17&check_out=2024-08-22&source_impression_id=p3_1723899970_P3dcetSBiAb1Ux8i&previous_page_section_name=1000&federated_search_id=eae7f781-5349-4c17-923e-f0e71e8844c5
147,https://www.airbnb.com.vn/rooms/665102660109739656?adults=1&category_tag=Tag%3A8678&children=0&enable_m3_private_room=true&infants=0&pets=0&photo_id=1449094130&search_mode=regular_search&check_in=2024-08-30&check_out=2024-09-04&source_impression_id=p3_1723899970_P3zFOcB_hRb05Us2&previous_page_section_name=1000&federated_search_id=eae7f781-5349-4c17-923e-f0e71e8844c5
148,https://www.airbnb.com.vn/rooms/997862779520762232?adults=1&category_tag=Tag%3A8678&children=0&enable_m3_private_room=true&infants=0&pets=0&photo_id=1786375848&search_mode=regular_search&check_in=2024-08-18&check_out=2024-08-23&source_impression_id=p3_1723899970_P3n9C8_yJEGWrpcu&previous_page_section_name=1000&federated_search_id=eae7f781-5349-4c17-923e-f0e71e8844c5
149,https://www.airbnb.com.vn/rooms/547315666047094506?adults=1&children=0&enable_m3_private_room=true&infants=0&pets=0&search_mode=regular_search&check_in=2024-09-08&check_out=2024-09-13&source_impression_id=p3_1723899970_P33pHDXRZ9vQywfs&previous_page_section_name=1000&federated_search_id=eae7f781-5349-4c17-923e-f0e71e8844c5
150,https://www.airbnb.com.vn/rooms/1194989152484115199?adults=1&children=0&enable_m3_private_room=true&infants=0&pets=0&search_mode=regular_search&check_in=2024-08-19&check_out=2024-08-24&source_impression_id=p3_1723899970_P3gToJGGnsNbiWUy&previous_page_section_name=1000&federated_search_id=eae7f781-5349-4c17-923e-f0e71e8844c5
151,https://www.airbnb.com.vn/rooms/1195622911661963623?adults=1&children=0&enable_m3_private_room=true&infants=0&pets=0&search_mode=regular_search&check_in=2024-08-25&check_out=2024-08-30&source_impression_id=p3_1723899970_P3e6U0MCoVstxDXz&previous_page_section_name=1000&federated_search_id=eae7f781-5349-4c17-923e-f0e71e8844c5
152,https://www.airbnb.com.vn/rooms/1043465763251545257?adults=1&children=0&enable_m3_private_room=true&infants=0&pets=0&search_mode=regular_search&check_in=2024-08-25&check_out=2024-08-30&source_impression_id=p3_1723899970_P3-tBuh2MLkpq3Da&previous_page_section_name=1000&federated_search_id=eae7f781-5349-4c17-923e-f0e71e8844c5
153,https://www.airbnb.com.vn/rooms/1152461684031041896?adults=1&children=0&enable_m3_private_room=true&infants=0&pets=0&search_mode=regular_search&check_in=2024-09-15&check_out=2024-09-20&source_impression_id=p3_1723899970_P3C_9xSl7B8PqZfj&previous_page_section_name=1000&federated_search_id=eae7f781-5349-4c17-923e-f0e71e8844c5
154,https://www.airbnb.com.vn/rooms/952879292673402540?adults=1&children=0&enable_m3_private_room=true&infants=0&pets=0&search_mode=regular_search&check_in=2024-08-18&check_out=2024-08-23&source_impression_id=p3_1723899970_P3bDTAVQiccjtvc8&previous_page_section_name=1000&federated_search_id=eae7f781-5349-4c17-923e-f0e71e8844c5
155,https://www.airbnb.com.vn/rooms/908181153590352571?adults=1&children=0&enable_m3_private_room=true&infants=0&pets=0&search_mode=regular_search&check_in=2024-08-26&check_out=2024-08-31&source_impression_id=p3_1723899970_P3-CBBiEffRhH-c2&previous_page_section_name=1000&federated_search_id=eae7f781-5349-4c17-923e-f0e71e8844c5
156,https://www.airbnb.com.vn/rooms/682153044015044318?adults=1&children=0&enable_m3_private_room=true&infants=0&pets=0&search_mode=regular_search&check_in=2024-08-19&check_out=2024-08-24&source_impression_id=p3_1723899970_P30EVtvW367VuAJW&previous_page_section_name=1000&federated_search_id=eae7f781-5349-4c17-923e-f0e71e8844c5
157,https://www.airbnb.com.vn/rooms/620077421444504791?adults=1&children=0&enable_m3_private_room=true&infants=0&pets=0&search_mode=regular_search&check_in=2024-08-19&check_out=2024-08-24&source_impression_id=p3_1723899970_P3ftc8b3gs6pygFk&previous_page_section_name=1000&federated_search_id=eae7f781-5349-4c17-923e-f0e71e8844c5
158,https://www.airbnb.com.vn/rooms/1054189778395134768?adults=1&children=0&enable_m3_private_room=true&infants=0&pets=0&search_mode=regular_search&check_in=2024-08-27&check_out=2024-09-01&source_impression_id=p3_1723899970_P3u05MmVdnIAiRY7&previous_page_section_name=1000&federated_search_id=eae7f781-5349-4c17-923e-f0e71e8844c5
159,https://www.airbnb.com.vn/rooms/833087155926147391?adults=1&children=0&enable_m3_private_room=true&infants=0&pets=0&search_mode=regular_search&check_in=2024-08-20&check_out=2024-08-25&source_impression_id=p3_1723899970_P3wk2v3UVrw2QcB4&previous_page_section_name=1000&federated_search_id=eae7f781-5349-4c17-923e-f0e71e8844c5
160,https://www.airbnb.com.vn/rooms/1156901490293413767?adults=1&children=0&enable_m3_private_room=true&infants=0&pets=0&search_mode=regular_search&check_in=2024-09-18&check_out=2024-09-23&source_impression_id=p3_1723899970_P37OFKJR5MK2fEKE&previous_page_section_name=1000&federated_search_id=eae7f781-5349-4c17-923e-f0e71e8844c5
161,https://www.airbnb.com.vn/rooms/30009164?adults=1&category_tag=Tag%3A8678&children=0&enable_m3_private_room=true&infants=0&pets=0&photo_id=615766681&search_mode=regular_search&check_in=2024-08-17&check_out=2024-08-22&source_impression_id=p3_1723899970_P3_g_w6nmeaelNem&previous_page_section_name=1000&federated_search_id=eae7f781-5349-4c17-923e-f0e71e8844c5
162,https://www.airbnb.com.vn/rooms/547315666047094506?adults=1&children=0&enable_m3_private_room=true&infants=0&pets=0&search_mode=regular_search&check_in=2024-09-08&check_out=2024-09-13&source_impression_id=p3_1723899971_P3Dp4vHiWPsYD_-7&previous_page_section_name=1000&federated_search_id=7a49034a-df1e-43e6-9ef1-6366b9311691
163,https://www.airbnb.com.vn/rooms/620077421444504791?adults=1&children=0&enable_m3_private_room=true&infants=0&pets=0&search_mode=regular_search&check_in=2024-08-19&check_out=2024-08-24&source_impression_id=p3_1723899972_P3-Jn2d7aUvPp3Zg&previous_page_section_name=1000&federated_search_id=7a49034a-df1e-43e6-9ef1-6366b9311691
164,https://www.airbnb.com.vn/rooms/30009164?adults=1&category_tag=Tag%3A8678&children=0&enable_m3_private_room=true&infants=0&pets=0&photo_id=615766681&search_mode=regular_search&check_in=2024-08-17&check_out=2024-08-22&source_impression_id=p3_1723899972_P3u_fj5p3Q-n70U4&previous_page_section_name=1000&federated_search_id=7a49034a-df1e-43e6-9ef1-6366b9311691
165,https://www.airbnb.com.vn/rooms/1195622911661963623?adults=1&children=0&enable_m3_private_room=true&infants=0&pets=0&search_mode=regular_search&check_in=2024-08-25&check_out=2024-08-30&source_impression_id=p3_1723899972_P3jA7-zzjaoO5X4l&previous_page_section_name=1000&federated_search_id=7a49034a-df1e-43e6-9ef1-6366b9311691
166,https://www.airbnb.com.vn/rooms/47438648?adults=1&children=0&enable_m3_private_room=true&infants=0&pets=0&search_mode=regular_search&check_in=2024-08-18&check_out=2024-08-23&source_impression_id=p3_1723899972_P3PZWBrszXNtRAfY&previous_page_section_name=1000&federated_search_id=7a49034a-df1e-43e6-9ef1-6366b9311691
167,https://www.airbnb.com.vn/rooms/1204320340033928553?adults=1&children=0&enable_m3_private_room=true&infants=0&pets=0&search_mode=regular_search&check_in=2024-08-19&check_out=2024-08-24&source_impression_id=p3_1723899972_P3tJpalfXCB0XkH0&previous_page_section_name=1000&federated_search_id=7a49034a-df1e-43e6-9ef1-6366b9311691
168,https://www.airbnb.com.vn/rooms/36469037?adults=1&children=0&enable_m3_private_room=true&infants=0&pets=0&search_mode=regular_search&check_in=2024-08-22&check_out=2024-08-27&source_impression_id=p3_1723899972_P31BEOew0kbmUZH1&previous_page_section_name=1000&federated_search_id=7a49034a-df1e-43e6-9ef1-6366b9311691
169,https://www.airbnb.com.vn/rooms/1021027523769990137?adults=1&children=0&enable_m3_private_room=true&infants=0&pets=0&search_mode=regular_search&check_in=2024-08-23&check_out=2024-08-28&source_impression_id=p3_1723899972_P3KaIPytjAZQe6av&previous_page_section_name=1000&federated_search_id=7a49034a-df1e-43e6-9ef1-6366b9311691
170,https://www.airbnb.com.vn/rooms/1218076393876467725?adults=1&category_tag=Tag%3A8678&children=0&enable_m3_private_room=true&infants=0&pets=0&photo_id=1970634690&search_mode=regular_search&check_in=2024-08-17&check_out=2024-08-22&source_impression_id=p3_1723899972_P3rplpt17S3-VA-x&previous_page_section_name=1000&federated_search_id=7a49034a-df1e-43e6-9ef1-6366b9311691
171,https://www.airbnb.com.vn/rooms/1054189778395134768?adults=1&children=0&enable_m3_private_room=true&infants=0&pets=0&search_mode=regular_search&check_in=2024-08-27&check_out=2024-09-01&source_impression_id=p3_1723899972_P30VQfpPM5JzO0Vv&previous_page_section_name=1000&federated_search_id=7a49034a-df1e-43e6-9ef1-6366b9311691
172,https://www.airbnb.com.vn/rooms/1108476272420768289?adults=1&children=0&enable_m3_private_room=true&infants=0&pets=0&search_mode=regular_search&check_in=2024-08-17&check_out=2024-08-22&source_impression_id=p3_1723899972_P36ovGTV2y2-5tN9&previous_page_section_name=1000&federated_search_id=7a49034a-df1e-43e6-9ef1-6366b9311691
173,https://www.airbnb.com.vn/rooms/20870033?adults=1&children=0&enable_m3_private_room=true&infants=0&pets=0&search_mode=regular_search&check_in=2024-08-18&check_out=2024-08-23&source_impression_id=p3_1723899972_P3A1l3VyMENoACwf&previous_page_section_name=1000&federated_search_id=7a49034a-df1e-43e6-9ef1-6366b9311691
174,https://www.airbnb.com.vn/rooms/1064271432618059070?adults=1&category_tag=Tag%3A8678&children=0&enable_m3_private_room=true&infants=0&pets=0&photo_id=1815797491&search_mode=regular_search&check_in=2024-08-18&check_out=2024-08-23&source_impression_id=p3_1723899972_P3c2HpcE85S1n-pw&previous_page_section_name=1000&federated_search_id=7a49034a-df1e-43e6-9ef1-6366b9311691
175,https://www.airbnb.com.vn/rooms/1070741695508432866?adults=1&children=0&enable_m3_private_room=true&infants=0&pets=0&search_mode=regular_search&check_in=2024-08-17&check_out=2024-08-22&source_impression_id=p3_1723899972_P3-yK6uA8ET5Lc9J&previous_page_section_name=1000&federated_search_id=7a49034a-df1e-43e6-9ef1-6366b9311691
176,https://www.airbnb.com.vn/rooms/1043247109549304364?adults=1&children=0&enable_m3_private_room=true&infants=0&pets=0&search_mode=regular_search&check_in=2024-08-20&check_out=2024-08-25&source_impression_id=p3_1723899972_P3yxJeY4eUrK_gH_&previous_page_section_name=1000&federated_search_id=7a49034a-df1e-43e6-9ef1-6366b9311691
177,https://www.airbnb.com.vn/rooms/715090193428401012?adults=1&children=0&enable_m3_private_room=true&infants=0&pets=0&search_mode=regular_search&check_in=2024-08-18&check_out=2024-08-23&source_impression_id=p3_1723899972_P3fS9Ioy2FOx1n6t&previous_page_section_name=1000&federated_search_id=7a49034a-df1e-43e6-9ef1-6366b9311691
178,https://www.airbnb.com.vn/rooms/21668113?adults=1&category_tag=Tag%3A8678&children=0&enable_m3_private_room=true&infants=0&pets=0&photo_id=406962163&search_mode=regular_search&check_in=2024-08-18&check_out=2024-08-23&source_impression_id=p3_1723899972_P3w7yaMQDtysd75E&previous_page_section_name=1000&federated_search_id=7a49034a-df1e-43e6-9ef1-6366b9311691
179,https://www.airbnb.com.vn/rooms/32369178?adults=1&category_tag=Tag%3A8678&children=0&enable_m3_private_room=true&infants=0&pets=0&photo_id=790447389&search_mode=regular_search&check_in=2024-08-18&check_out=2024-08-23&source_impression_id=p3_1723899972_P3TrWR2gaHqeciCf&previous_page_section_name=1000&federated_search_id=7a49034a-df1e-43e6-9ef1-6366b9311691
180,https://www.airbnb.com.vn/rooms/1137202826084223773?adults=1&children=0&enable_m3_private_room=true&infants=0&pets=0&search_mode=regular_search&check_in=2024-08-22&check_out=2024-08-27&source_impression_id=p3_1723899974_P3YiZaV-F0yyMtO4&previous_page_section_name=1000&federated_search_id=42ef94b1-9669-4c03-9e3c-23f96716def4
181,https://www.airbnb.com.vn/rooms/1150397177325192661?adults=1&category_tag=Tag%3A8678&children=0&enable_m3_private_room=true&infants=0&pets=0&photo_id=1900271901&search_mode=regular_search&check_in=2024-08-20&check_out=2024-08-25&source_impression_id=p3_1723899975_P3NV-G45bjeyJvA8&previous_page_section_name=1000&federated_search_id=42ef94b1-9669-4c03-9e3c-23f96716def4
182,https://www.airbnb.com.vn/rooms/1077237134744654558?adults=1&children=0&enable_m3_private_room=true&infants=0&pets=0&search_mode=regular_search&check_in=2024-08-26&check_out=2024-08-31&source_impression_id=p3_1723899975_P31-xpsv2rZH0QK6&previous_page_section_name=1000&federated_search_id=42ef94b1-9669-4c03-9e3c-23f96716def4
183,https://www.airbnb.com.vn/rooms/40741274?adults=1&children=0&enable_m3_private_room=true&infants=0&pets=0&search_mode=regular_search&check_in=2024-08-19&check_out=2024-08-26&source_impression_id=p3_1723899975_P3j3-jFyLHO_fTVh&previous_page_section_name=1000&federated_search_id=42ef94b1-9669-4c03-9e3c-23f96716def4
184,https://www.airbnb.com.vn/rooms/880152959971610671?adults=1&category_tag=Tag%3A8678&children=0&enable_m3_private_room=true&infants=0&pets=0&photo_id=1639664009&search_mode=regular_search&check_in=2024-08-18&check_out=2024-08-23&source_impression_id=p3_1723899975_P35jYjtfRiBEYDJE&previous_page_section_name=1000&federated_search_id=42ef94b1-9669-4c03-9e3c-23f96716def4
185,https://www.airbnb.com.vn/rooms/838902752393570617?adults=1&children=0&enable_m3_private_room=true&infants=0&pets=0&search_mode=regular_search&check_in=2024-10-12&check_out=2024-10-17&source_impression_id=p3_1723899975_P35g_VPYDudcmVoo&previous_page_section_name=1000&federated_search_id=42ef94b1-9669-4c03-9e3c-23f96716def4
186,https://www.airbnb.com.vn/rooms/1046815628130412131?adults=1&children=0&enable_m3_private_room=true&infants=0&pets=0&search_mode=regular_search&check_in=2024-08-24&check_out=2024-08-29&source_impression_id=p3_1723899975_P35FGPgpWS0aKRSQ&previous_page_section_name=1000&federated_search_id=42ef94b1-9669-4c03-9e3c-23f96716def4
187,https://www.airbnb.com.vn/rooms/1211231316264104232?adults=1&children=0&enable_m3_private_room=true&infants=0&pets=0&search_mode=regular_search&check_in=2024-08-17&check_out=2024-08-22&source_impression_id=p3_1723899975_P36COexkOMvr4o2Z&previous_page_section_name=1000&federated_search_id=42ef94b1-9669-4c03-9e3c-23f96716def4
188,https://www.airbnb.com.vn/rooms/796320481074534327?adults=1&children=0&enable_m3_private_room=true&infants=0&pets=0&search_mode=regular_search&check_in=2024-08-18&check_out=2024-08-23&source_impression_id=p3_1723899975_P3llzImyLFCnErQ7&previous_page_section_name=1000&federated_search_id=42ef94b1-9669-4c03-9e3c-23f96716def4
189,https://www.airbnb.com.vn/rooms/611119104873338214?adults=1&children=0&enable_m3_private_room=true&infants=0&pets=0&search_mode=regular_search&check_in=2024-08-18&check_out=2024-08-23&source_impression_id=p3_1723899975_P3zK5mfnYPpBPWGn&previous_page_section_name=1000&federated_search_id=42ef94b1-9669-4c03-9e3c-23f96716def4
190,https://www.airbnb.com.vn/rooms/1138944144870121982?adults=1&children=0&enable_m3_private_room=true&infants=0&pets=0&search_mode=regular_search&check_in=2024-08-25&check_out=2024-08-30&source_impression_id=p3_1723899975_P3Yt1d25KoVyOKWq&previous_page_section_name=1000&federated_search_id=42ef94b1-9669-4c03-9e3c-23f96716def4
191,https://www.airbnb.com.vn/rooms/999030554000587301?adults=1&children=0&enable_m3_private_room=true&infants=0&pets=0&search_mode=regular_search&check_in=2024-08-18&check_out=2024-08-23&source_impression_id=p3_1723899975_P3aCn1LB-TATw5fQ&previous_page_section_name=1000&federated_search_id=42ef94b1-9669-4c03-9e3c-23f96716def4
192,https://www.airbnb.com.vn/rooms/772784515702828834?adults=1&children=0&enable_m3_private_room=true&infants=0&pets=0&search_mode=regular_search&check_in=2024-08-20&check_out=2024-08-25&source_impression_id=p3_1723899975_P3wGd1YIS2QZdGma&previous_page_section_name=1000&federated_search_id=42ef94b1-9669-4c03-9e3c-23f96716def4
193,https://www.airbnb.com.vn/rooms/42237000?adults=1&children=0&enable_m3_private_room=true&infants=0&pets=0&search_mode=regular_search&check_in=2024-08-19&check_out=2024-08-24&source_impression_id=p3_1723899975_P3cbx5pdP5Ll2DAN&previous_page_section_name=1000&federated_search_id=42ef94b1-9669-4c03-9e3c-23f96716def4
194,https://www.airbnb.com.vn/rooms/840634054710302995?adults=1&children=0&enable_m3_private_room=true&infants=0&pets=0&search_mode=regular_search&check_in=2024-08-21&check_out=2024-08-26&source_impression_id=p3_1723899975_P3yyIa0QLxQzU8-t&previous_page_section_name=1000&federated_search_id=42ef94b1-9669-4c03-9e3c-23f96716def4
195,https://www.airbnb.com.vn/rooms/865151070951618129?adults=1&children=0&enable_m3_private_room=true&infants=0&pets=0&search_mode=regular_search&check_in=2024-09-03&check_out=2024-09-08&source_impression_id=p3_1723899975_P34R0E9I1aErQcZt&previous_page_section_name=1000&federated_search_id=42ef94b1-9669-4c03-9e3c-23f96716def4
196,https://www.airbnb.com.vn/rooms/717058145406881764?adults=1&children=0&enable_m3_private_room=true&infants=0&pets=0&search_mode=regular_search&check_in=2024-08-17&check_out=2024-08-22&source_impression_id=p3_1723899975_P3zIUxbiRphWlwKm&previous_page_section_name=1000&federated_search_id=42ef94b1-9669-4c03-9e3c-23f96716def4
197,https://www.airbnb.com.vn/rooms/1221705136314988049?adults=1&children=0&enable_m3_private_room=true&infants=0&pets=0&search_mode=regular_search&check_in=2024-08-28&check_out=2024-09-02&source_impression_id=p3_1723899975_P3H4rBcqr3Pixyzk&previous_page_section_name=1000&federated_search_id=42ef94b1-9669-4c03-9e3c-23f96716def4
198,https://www.airbnb.com.vn/rooms/1221705136314988049?adults=1&children=0&enable_m3_private_room=true&infants=0&pets=0&search_mode=regular_search&check_in=2024-08-28&check_out=2024-09-02&source_impression_id=p3_1723899976_P3a9QoKPWoT7Ab0r&previous_page_section_name=1000&federated_search_id=c3dfe072-6beb-4158-945c-5b2b3a557b10
199,https://www.airbnb.com.vn/rooms/772784515702828834?adults=1&children=0&enable_m3_private_room=true&infants=0&pets=0&search_mode=regular_search&check_in=2024-08-20&check_out=2024-08-25&source_impression_id=p3_1723899977_P3NWlde8n4FEvRTO&previous_page_section_name=1000&federated_search_id=c3dfe072-6beb-4158-945c-5b2b3a557b10
200,https://www.airbnb.com.vn/rooms/999030554000587301?adults=1&children=0&enable_m3_private_room=true&infants=0&pets=0&search_mode=regular_search&check_in=2024-08-18&check_out=2024-08-23&source_impression_id=p3_1723899977_P32DTg_mzQJ-qweq&previous_page_section_name=1000&federated_search_id=c3dfe072-6beb-4158-945c-5b2b3a557b10
201,https://www.airbnb.com.vn/rooms/865151070951618129?adults=1&children=0&enable_m3_private_room=true&infants=0&pets=0&search_mode=regular_search&check_in=2024-09-03&check_out=2024-09-08&source_impression_id=p3_1723899977_P3ec1ysSJ6fo44Um&previous_page_section_name=1000&federated_search_id=c3dfe072-6beb-4158-945c-5b2b3a557b10
202,https://www.airbnb.com.vn/rooms/1211231316264104232?adults=1&children=0&enable_m3_private_room=true&infants=0&pets=0&search_mode=regular_search&check_in=2024-08-17&check_out=2024-08-22&source_impression_id=p3_1723899977_P3ww_BWMG60KTBSE&previous_page_section_name=1000&federated_search_id=c3dfe072-6beb-4158-945c-5b2b3a557b10
203,https://www.airbnb.com.vn/rooms/1222099041694442775?adults=1&children=0&enable_m3_private_room=true&infants=0&pets=0&search_mode=regular_search&check_in=2024-08-17&check_out=2024-08-22&source_impression_id=p3_1723899977_P3pFS7y8LnOcjsUf&previous_page_section_name=1000&federated_search_id=c3dfe072-6beb-4158-945c-5b2b3a557b10
204,https://www.airbnb.com.vn/rooms/840634054710302995?adults=1&children=0&enable_m3_private_room=true&infants=0&pets=0&search_mode=regular_search&check_in=2024-08-21&check_out=2024-08-26&source_impression_id=p3_1723899977_P3Tbg2QXn1GNd7Ao&previous_page_section_name=1000&federated_search_id=c3dfe072-6beb-4158-945c-5b2b3a557b10
205,https://www.airbnb.com.vn/rooms/773605460598439047?adults=1&category_tag=Tag%3A8678&children=0&enable_m3_private_room=true&infants=0&pets=0&photo_id=1556012404&search_mode=regular_search&check_in=2024-08-26&check_out=2024-08-31&source_impression_id=p3_1723899977_P3IARErn69T9mGrm&previous_page_section_name=1000&federated_search_id=c3dfe072-6beb-4158-945c-5b2b3a557b10
206,https://www.airbnb.com.vn/rooms/995303073536114181?adults=1&children=0&enable_m3_private_room=true&infants=0&pets=0&search_mode=regular_search&check_in=2024-08-18&check_out=2024-08-23&source_impression_id=p3_1723899977_P3AFeObAHsS0amBV&previous_page_section_name=1000&federated_search_id=c3dfe072-6beb-4158-945c-5b2b3a557b10
207,https://www.airbnb.com.vn/rooms/46535059?adults=1&children=0&enable_m3_private_room=true&infants=0&pets=0&search_mode=regular_search&check_in=2024-08-18&check_out=2024-08-23&source_impression_id=p3_1723899977_P38Ir2Igpys2HwcS&previous_page_section_name=1000&federated_search_id=c3dfe072-6beb-4158-945c-5b2b3a557b10
208,https://www.airbnb.com.vn/rooms/34612206?adults=1&category_tag=Tag%3A8678&children=0&enable_m3_private_room=true&infants=0&pets=0&photo_id=1176190732&search_mode=regular_search&check_in=2024-08-28&check_out=2024-09-02&source_impression_id=p3_1723899977_P3UrWwrUwOJBeMe-&previous_page_section_name=1000&federated_search_id=c3dfe072-6beb-4158-945c-5b2b3a557b10
209,https://www.airbnb.com.vn/rooms/1094553305492429775?adults=1&category_tag=Tag%3A8678&children=0&enable_m3_private_room=true&infants=0&pets=0&photo_id=1844646173&search_mode=regular_search&check_in=2024-08-21&check_out=2024-08-26&source_impression_id=p3_1723899977_P3WZoZEN8Gyko4dp&previous_page_section_name=1000&federated_search_id=c3dfe072-6beb-4158-945c-5b2b3a557b10
210,https://www.airbnb.com.vn/rooms/1219554370087050321?adults=1&children=0&enable_m3_private_room=true&infants=0&pets=0&search_mode=regular_search&check_in=2024-08-26&check_out=2024-08-31&source_impression_id=p3_1723899977_P3BplEHPmOZJRs20&previous_page_section_name=1000&federated_search_id=c3dfe072-6beb-4158-945c-5b2b3a557b10
211,https://www.airbnb.com.vn/rooms/794575208272381559?adults=1&children=0&enable_m3_private_room=true&infants=0&pets=0&search_mode=regular_search&check_in=2024-08-17&check_out=2024-08-22&source_impression_id=p3_1723899977_P3J_hkN_YfHGyCYZ&previous_page_section_name=1000&federated_search_id=c3dfe072-6beb-4158-945c-5b2b3a557b10
212,https://www.airbnb.com.vn/rooms/670823044148797328?adults=1&children=0&enable_m3_private_room=true&infants=0&pets=0&search_mode=regular_search&check_in=2024-08-20&check_out=2024-08-25&source_impression_id=p3_1723899977_P3Gm5hsWzPAhQ9On&previous_page_section_name=1000&federated_search_id=c3dfe072-6beb-4158-945c-5b2b3a557b10
213,https://www.airbnb.com.vn/rooms/53665910?adults=1&children=0&enable_m3_private_room=true&infants=0&pets=0&search_mode=regular_search&check_in=2024-08-17&check_out=2024-08-22&source_impression_id=p3_1723899977_P3E6QoKhFYw2UYmi&previous_page_section_name=1000&federated_search_id=c3dfe072-6beb-4158-945c-5b2b3a557b10
214,https://www.airbnb.com.vn/rooms/1209163631948716483?adults=1&children=0&enable_m3_private_room=true&infants=0&pets=0&search_mode=regular_search&check_in=2024-08-21&check_out=2024-08-26&source_impression_id=p3_1723899977_P3N4qylkyLmqNpwn&previous_page_section_name=1000&federated_search_id=c3dfe072-6beb-4158-945c-5b2b3a557b10
215,https://www.airbnb.com.vn/rooms/1154018250728722218?adults=1&children=0&enable_m3_private_room=true&infants=0&pets=0&search_mode=regular_search&check_in=2024-08-24&check_out=2024-08-29&source_impression_id=p3_1723899977_P34COOeOqDZ-Okkn&previous_page_section_name=1000&federated_search_id=c3dfe072-6beb-4158-945c-5b2b3a557b10
216,https://www.airbnb.com.vn/rooms/886914664029115770?adults=1&children=0&enable_m3_private_room=true&infants=0&pets=0&search_mode=regular_search&check_in=2024-08-17&check_out=2024-08-22&source_impression_id=p3_1723899979_P3t-2gcy23NoRfXz&previous_page_section_name=1000&federated_search_id=877dc4f3-e42a-494c-b58c-93c998371a18
217,https://www.airbnb.com.vn/rooms/811185882302987854?adults=1&children=0&enable_m3_private_room=true&infants=0&pets=0&search_mode=regular_search&check_in=2024-08-26&check_out=2024-08-31&source_impression_id=p3_1723899980_P3RCnxmKoimIKX2i&previous_page_section_name=1000&federated_search_id=877dc4f3-e42a-494c-b58c-93c998371a18
218,https://www.airbnb.com.vn/rooms/764263137520695407?adults=1&children=0&enable_m3_private_room=true&infants=0&pets=0&search_mode=regular_search&check_in=2024-08-19&check_out=2024-08-24&source_impression_id=p3_1723899980_P3oVVpO10MgtF9jS&previous_page_section_name=1000&federated_search_id=877dc4f3-e42a-494c-b58c-93c998371a18
219,https://www.airbnb.com.vn/rooms/1113033072489096884?adults=1&children=0&enable_m3_private_room=true&infants=0&pets=0&search_mode=regular_search&check_in=2024-08-19&check_out=2024-08-24&source_impression_id=p3_1723899980_P3sooE5yFe2KBQd3&previous_page_section_name=1000&federated_search_id=877dc4f3-e42a-494c-b58c-93c998371a18
220,https://www.airbnb.com.vn/rooms/24027472?adults=1&category_tag=Tag%3A8678&children=0&enable_m3_private_room=true&infants=0&pets=0&photo_id=469773749&search_mode=regular_search&check_in=2024-08-22&check_out=2024-08-27&source_impression_id=p3_1723899980_P3I08UXkaAWfYaqw&previous_page_section_name=1000&federated_search_id=877dc4f3-e42a-494c-b58c-93c998371a18
221,https://www.airbnb.com.vn/rooms/1176573807702685871?adults=1&children=0&enable_m3_private_room=true&infants=0&pets=0&search_mode=regular_search&check_in=2024-08-19&check_out=2024-08-24&source_impression_id=p3_1723899980_P3xXABqObA6PlaSk&previous_page_section_name=1000&federated_search_id=877dc4f3-e42a-494c-b58c-93c998371a18
222,https://www.airbnb.com.vn/rooms/772889340715784261?adults=1&children=0&enable_m3_private_room=true&infants=0&pets=0&search_mode=regular_search&check_in=2024-08-22&check_out=2024-08-27&source_impression_id=p3_1723899980_P3YHei0ThNcre89f&previous_page_section_name=1000&federated_search_id=877dc4f3-e42a-494c-b58c-93c998371a18
223,https://www.airbnb.com.vn/rooms/24151308?adults=1&children=0&enable_m3_private_room=true&infants=0&pets=0&search_mode=regular_search&check_in=2024-09-02&check_out=2024-09-07&source_impression_id=p3_1723899980_P3Ww_Hu0WavoKn2m&previous_page_section_name=1000&federated_search_id=877dc4f3-e42a-494c-b58c-93c998371a18
224,https://www.airbnb.com.vn/rooms/925036031134372282?adults=1&children=0&enable_m3_private_room=true&infants=0&pets=0&search_mode=regular_search&check_in=2024-08-31&check_out=2024-09-05&source_impression_id=p3_1723899980_P3jfSsdx-8g3x4mU&previous_page_section_name=1000&federated_search_id=877dc4f3-e42a-494c-b58c-93c998371a18
225,https://www.airbnb.com.vn/rooms/917860094742689071?adults=1&children=0&enable_m3_private_room=true&infants=0&pets=0&search_mode=regular_search&check_in=2024-08-17&check_out=2024-08-22&source_impression_id=p3_1723899980_P3m2k3xJQO6-VLLH&previous_page_section_name=1000&federated_search_id=877dc4f3-e42a-494c-b58c-93c998371a18
226,https://www.airbnb.com.vn/rooms/1114977536654005701?adults=1&category_tag=Tag%3A8678&children=0&enable_m3_private_room=true&infants=0&pets=0&photo_id=1863548413&search_mode=regular_search&check_in=2024-08-18&check_out=2024-08-23&source_impression_id=p3_1723899980_P3f8bVCJED4yvYkb&previous_page_section_name=1000&federated_search_id=877dc4f3-e42a-494c-b58c-93c998371a18
227,https://www.airbnb.com.vn/rooms/1053326222966801125?adults=1&category_tag=Tag%3A8678&children=0&enable_m3_private_room=true&infants=0&pets=0&photo_id=1807178298&search_mode=regular_search&check_in=2024-08-17&check_out=2024-08-22&source_impression_id=p3_1723899980_P36-wWmsGOSPH-mX&previous_page_section_name=1000&federated_search_id=877dc4f3-e42a-494c-b58c-93c998371a18
228,https://www.airbnb.com.vn/rooms/1206061336248373046?adults=1&children=0&enable_m3_private_room=true&infants=0&pets=0&search_mode=regular_search&check_in=2024-08-20&check_out=2024-08-25&source_impression_id=p3_1723899980_P3WMB9109V37QFbj&previous_page_section_name=1000&federated_search_id=877dc4f3-e42a-494c-b58c-93c998371a18
229,https://www.airbnb.com.vn/rooms/35340401?adults=1&category_tag=Tag%3A8678&children=0&enable_m3_private_room=true&infants=0&pets=0&photo_id=771610338&search_mode=regular_search&check_in=2024-08-17&check_out=2024-08-22&source_impression_id=p3_1723899980_P3OtHR9ZMmMbezDm&previous_page_section_name=1000&federated_search_id=877dc4f3-e42a-494c-b58c-93c998371a18
230,https://www.airbnb.com.vn/rooms/45642239?adults=1&children=0&enable_m3_private_room=true&infants=0&pets=0&search_mode=regular_search&check_in=2024-08-19&check_out=2024-08-24&source_impression_id=p3_1723899980_P3bsFdLXpqgzXNUx&previous_page_section_name=1000&federated_search_id=877dc4f3-e42a-494c-b58c-93c998371a18
231,https://www.airbnb.com.vn/rooms/698238519137582513?adults=1&children=0&enable_m3_private_room=true&infants=0&pets=0&search_mode=regular_search&check_in=2024-08-18&check_out=2024-08-23&source_impression_id=p3_1723899980_P3n-XNduHzrRQL1E&previous_page_section_name=1000&federated_search_id=877dc4f3-e42a-494c-b58c-93c998371a18
232,https://www.airbnb.com.vn/rooms/45129757?adults=1&children=0&enable_m3_private_room=true&infants=0&pets=0&search_mode=regular_search&check_in=2024-08-26&check_out=2024-08-31&source_impression_id=p3_1723899980_P3t06dIzsR8GHQAH&previous_page_section_name=1000&federated_search_id=877dc4f3-e42a-494c-b58c-93c998371a18
233,https://www.airbnb.com.vn/rooms/1222819168187641336?adults=1&children=0&enable_m3_private_room=true&infants=0&pets=0&search_mode=regular_search&check_in=2024-08-17&check_out=2024-08-22&source_impression_id=p3_1723899980_P3S3V5iR1MnxDkXa&previous_page_section_name=1000&federated_search_id=877dc4f3-e42a-494c-b58c-93c998371a18
234,https://www.airbnb.com.vn/rooms/1176573807702685871?adults=1&children=0&enable_m3_private_room=true&infants=0&pets=0&search_mode=regular_search&check_in=2024-08-19&check_out=2024-08-24&source_impression_id=p3_1723899982_P31pQG5EZLl4zPM_&previous_page_section_name=1000&federated_search_id=7df104da-87fb-49e1-868c-152a5281faec
235,https://www.airbnb.com.vn/rooms/1206061336248373046?adults=1&children=0&enable_m3_private_room=true&infants=0&pets=0&search_mode=regular_search&check_in=2024-08-20&check_out=2024-08-25&source_impression_id=p3_1723899983_P3DaB7GTkGVdfc2r&previous_page_section_name=1000&federated_search_id=7df104da-87fb-49e1-868c-152a5281faec
236,https://www.airbnb.com.vn/rooms/917860094742689071?adults=1&children=0&enable_m3_private_room=true&infants=0&pets=0&search_mode=regular_search&check_in=2024-08-17&check_out=2024-08-22&source_impression_id=p3_1723899983_P3W9738p6Pqc185V&previous_page_section_name=1000&federated_search_id=7df104da-87fb-49e1-868c-152a5281faec
237,https://www.airbnb.com.vn/rooms/886914664029115770?adults=1&children=0&enable_m3_private_room=true&infants=0&pets=0&search_mode=regular_search&check_in=2024-08-17&check_out=2024-08-22&source_impression_id=p3_1723899983_P3ssq_9HKGAdxyzx&previous_page_section_name=1000&federated_search_id=7df104da-87fb-49e1-868c-152a5281faec
238,https://www.airbnb.com.vn/rooms/1053326222966801125?adults=1&category_tag=Tag%3A8678&children=0&enable_m3_private_room=true&infants=0&pets=0&photo_id=1807178298&search_mode=regular_search&check_in=2024-08-17&check_out=2024-08-22&source_impression_id=p3_1723899983_P3dUSRDUOx1pzOn-&previous_page_section_name=1000&federated_search_id=7df104da-87fb-49e1-868c-152a5281faec
239,https://www.airbnb.com.vn/rooms/1192484041084989596?adults=1&children=0&enable_m3_private_room=true&infants=0&pets=0&search_mode=regular_search&check_in=2024-08-19&check_out=2024-08-24&source_impression_id=p3_1723899983_P3ZOXzoXoTh5OijM&previous_page_section_name=1000&federated_search_id=7df104da-87fb-49e1-868c-152a5281faec
240,https://www.airbnb.com.vn/rooms/811185882302987854?adults=1&children=0&enable_m3_private_room=true&infants=0&pets=0&search_mode=regular_search&check_in=2024-08-26&check_out=2024-08-31&source_impression_id=p3_1723899983_P3zBRtrzYLP79ImQ&previous_page_section_name=1000&federated_search_id=7df104da-87fb-49e1-868c-152a5281faec
241,https://www.airbnb.com.vn/rooms/1114977536654005701?adults=1&category_tag=Tag%3A8678&children=0&enable_m3_private_room=true&infants=0&pets=0&photo_id=1863548413&search_mode=regular_search&check_in=2024-08-18&check_out=2024-08-23&source_impression_id=p3_1723899983_P3iPDT2bjXxPlsqk&previous_page_section_name=1000&federated_search_id=7df104da-87fb-49e1-868c-152a5281faec
242,https://www.airbnb.com.vn/rooms/1179623055427375476?adults=1&children=0&enable_m3_private_room=true&infants=0&pets=0&search_mode=regular_search&check_in=2024-09-25&check_out=2024-09-30&source_impression_id=p3_1723899983_P3zHaWJok6vHSlCg&previous_page_section_name=1000&federated_search_id=7df104da-87fb-49e1-868c-152a5281faec
243,https://www.airbnb.com.vn/rooms/45129757?adults=1&children=0&enable_m3_private_room=true&infants=0&pets=0&search_mode=regular_search&check_in=2024-08-26&check_out=2024-08-31&source_impression_id=p3_1723899983_P3nxZnZry3rZADj8&previous_page_section_name=1000&federated_search_id=7df104da-87fb-49e1-868c-152a5281faec
244,https://www.airbnb.com.vn/rooms/698238519137582513?adults=1&children=0&enable_m3_private_room=true&infants=0&pets=0&search_mode=regular_search&check_in=2024-08-18&check_out=2024-08-23&source_impression_id=p3_1723899983_P3eK3i8Cixr3BMgI&previous_page_section_name=1000&federated_search_id=7df104da-87fb-49e1-868c-152a5281faec
245,https://www.airbnb.com.vn/rooms/24027472?adults=1&category_tag=Tag%3A8678&children=0&enable_m3_private_room=true&infants=0&pets=0&photo_id=469773749&search_mode=regular_search&check_in=2024-08-22&check_out=2024-08-27&source_impression_id=p3_1723899983_P3vWFKWuNsvz4byZ&previous_page_section_name=1000&federated_search_id=7df104da-87fb-49e1-868c-152a5281faec
246,https://www.airbnb.com.vn/rooms/35340401?adults=1&category_tag=Tag%3A8678&children=0&enable_m3_private_room=true&infants=0&pets=0&photo_id=771610338&search_mode=regular_search&check_in=2024-08-17&check_out=2024-08-22&source_impression_id=p3_1723899983_P3LG8tjFfQQhcOW3&previous_page_section_name=1000&federated_search_id=7df104da-87fb-49e1-868c-152a5281faec
247,https://www.airbnb.com.vn/rooms/30433732?adults=1&children=0&enable_m3_private_room=true&infants=0&pets=0&search_mode=regular_search&check_in=2024-08-17&check_out=2024-08-22&source_impression_id=p3_1723899983_P3_YCaiKE4bzTDTw&previous_page_section_name=1000&federated_search_id=7df104da-87fb-49e1-868c-152a5281faec
248,https://www.airbnb.com.vn/rooms/33887163?adults=1&children=0&enable_m3_private_room=true&infants=0&pets=0&search_mode=regular_search&check_in=2024-08-19&check_out=2024-08-24&source_impression_id=p3_1723899983_P3_uSDZBPmmhjNYR&previous_page_section_name=1000&federated_search_id=7df104da-87fb-49e1-868c-152a5281faec
249,https://www.airbnb.com.vn/rooms/16790267?adults=1&category_tag=Tag%3A8678&children=0&enable_m3_private_room=true&infants=0&pets=0&photo_id=267763200&search_mode=regular_search&check_in=2024-08-17&check_out=2024-08-22&source_impression_id=p3_1723899983_P3PrG4Je2HTLQI-f&previous_page_section_name=1000&federated_search_id=7df104da-87fb-49e1-868c-152a5281faec
250,https://www.airbnb.com.vn/rooms/1222819168187641336?adults=1&children=0&enable_m3_private_room=true&infants=0&pets=0&search_mode=regular_search&check_in=2024-08-17&check_out=2024-08-22&source_impression_id=p3_1723899983_P3InbBGBi_-WcQCY&previous_page_section_name=1000&federated_search_id=7df104da-87fb-49e1-868c-152a5281faec
251,https://www.airbnb.com.vn/rooms/878818829342852578?adults=1&children=0&enable_m3_private_room=true&infants=0&pets=0&search_mode=regular_search&check_in=2024-08-24&check_out=2024-08-29&source_impression_id=p3_1723899983_P3dq9hiEyZXM7sP7&previous_page_section_name=1000&federated_search_id=7df104da-87fb-49e1-868c-152a5281faec
252,https://www.airbnb.com.vn/rooms/625737402037256410?adults=1&children=0&enable_m3_private_room=true&infants=0&pets=0&search_mode=regular_search&check_in=2024-08-17&check_out=2024-08-22&source_impression_id=p3_1723899985_P3qK13EsWn9doHFw&previous_page_section_name=1000&federated_search_id=d49c4e78-054a-439c-8b7e-b01ae746619c
253,https://www.airbnb.com.vn/rooms/997480263159439789?adults=1&children=0&enable_m3_private_room=true&infants=0&pets=0&search_mode=regular_search&check_in=2024-08-29&check_out=2024-09-03&source_impression_id=p3_1723899986_P3v9mLy8x2A8Gpzj&previous_page_section_name=1000&federated_search_id=d49c4e78-054a-439c-8b7e-b01ae746619c
254,https://www.airbnb.com.vn/rooms/925831197333133263?adults=1&children=0&enable_m3_private_room=true&infants=0&pets=0&search_mode=regular_search&check_in=2024-08-18&check_out=2024-08-23&source_impression_id=p3_1723899986_P3uF_u7kWLeV4SHT&previous_page_section_name=1000&federated_search_id=d49c4e78-054a-439c-8b7e-b01ae746619c
255,https://www.airbnb.com.vn/rooms/1037272075595268956?adults=1&children=0&enable_m3_private_room=true&infants=0&pets=0&search_mode=regular_search&check_in=2024-08-17&check_out=2024-08-22&source_impression_id=p3_1723899986_P3IGipr3wspWNd3S&previous_page_section_name=1000&federated_search_id=d49c4e78-054a-439c-8b7e-b01ae746619c
256,https://www.airbnb.com.vn/rooms/1171531800962363509?adults=1&children=0&enable_m3_private_room=true&infants=0&pets=0&search_mode=regular_search&check_in=2024-08-17&check_out=2024-08-22&source_impression_id=p3_1723899986_P3LiroZU9xPcBtdQ&previous_page_section_name=1000&federated_search_id=d49c4e78-054a-439c-8b7e-b01ae746619c
257,https://www.airbnb.com.vn/rooms/48760758?adults=1&children=0&enable_m3_private_room=true&infants=0&pets=0&search_mode=regular_search&check_in=2024-08-17&check_out=2024-08-22&source_impression_id=p3_1723899986_P3ApihFzNfQUaqYa&previous_page_section_name=1000&federated_search_id=d49c4e78-054a-439c-8b7e-b01ae746619c
258,https://www.airbnb.com.vn/rooms/1176485635075926125?adults=1&children=0&enable_m3_private_room=true&infants=0&pets=0&search_mode=regular_search&check_in=2024-08-24&check_out=2024-08-29&source_impression_id=p3_1723899986_P3-CxBoYhmPGkmnU&previous_page_section_name=1000&federated_search_id=d49c4e78-054a-439c-8b7e-b01ae746619c
259,https://www.airbnb.com.vn/rooms/1157979547587612650?adults=1&category_tag=Tag%3A8678&children=0&enable_m3_private_room=true&infants=0&pets=0&photo_id=1917977318&search_mode=regular_search&check_in=2024-08-22&check_out=2024-08-27&source_impression_id=p3_1723899986_P32-QcYQ72o0TfEi&previous_page_section_name=1000&federated_search_id=d49c4e78-054a-439c-8b7e-b01ae746619c
260,https://www.airbnb.com.vn/rooms/755409884081956638?adults=1&children=0&enable_m3_private_room=true&infants=0&pets=0&search_mode=regular_search&check_in=2024-08-20&check_out=2024-08-25&source_impression_id=p3_1723899986_P3_rkJ4r9wkHZ-Yr&previous_page_section_name=1000&federated_search_id=d49c4e78-054a-439c-8b7e-b01ae746619c
261,https://www.airbnb.com.vn/rooms/765134604414653496?adults=1&children=0&enable_m3_private_room=true&infants=0&pets=0&search_mode=regular_search&check_in=2024-08-18&check_out=2024-08-23&source_impression_id=p3_1723899986_P3KLg5X7n1TMhJXc&previous_page_section_name=1000&federated_search_id=d49c4e78-054a-439c-8b7e-b01ae746619c
262,https://www.airbnb.com.vn/rooms/1051776608168336023?adults=1&children=0&enable_m3_private_room=true&infants=0&pets=0&search_mode=regular_search&check_in=2024-08-17&check_out=2024-08-22&source_impression_id=p3_1723899986_P3XkSB5N40yHGnh5&previous_page_section_name=1000&federated_search_id=d49c4e78-054a-439c-8b7e-b01ae746619c
263,https://www.airbnb.com.vn/rooms/647316393076289843?adults=1&category_tag=Tag%3A8678&children=0&enable_m3_private_room=true&infants=0&pets=0&photo_id=1869830079&search_mode=regular_search&check_in=2024-08-19&check_out=2024-08-24&source_impression_id=p3_1723899986_P3ynPQxDfF3yvRW1&previous_page_section_name=1000&federated_search_id=d49c4e78-054a-439c-8b7e-b01ae746619c
264,https://www.airbnb.com.vn/rooms/1141108959462451028?adults=1&children=0&enable_m3_private_room=true&infants=0&pets=0&search_mode=regular_search&check_in=2024-08-18&check_out=2024-08-23&source_impression_id=p3_1723899986_P3u3vn9nMqhSbAK2&previous_page_section_name=1000&federated_search_id=d49c4e78-054a-439c-8b7e-b01ae746619c
265,https://www.airbnb.com.vn/rooms/985764576550315774?adults=1&children=0&enable_m3_private_room=true&infants=0&pets=0&search_mode=regular_search&check_in=2024-08-17&check_out=2024-08-22&source_impression_id=p3_1723899986_P3JRgrl9SGkZNTjx&previous_page_section_name=1000&federated_search_id=d49c4e78-054a-439c-8b7e-b01ae746619c
266,https://www.airbnb.com.vn/rooms/1192014740308843894?adults=1&children=0&enable_m3_private_room=true&infants=0&pets=0&search_mode=regular_search&check_in=2024-08-17&check_out=2024-08-22&source_impression_id=p3_1723899986_P3hDSNYRA1TcL-dX&previous_page_section_name=1000&federated_search_id=d49c4e78-054a-439c-8b7e-b01ae746619c
267,https://www.airbnb.com.vn/rooms/1114200868699567549?adults=1&category_tag=Tag%3A8678&children=0&enable_m3_private_room=true&infants=0&pets=0&photo_id=1862870300&search_mode=regular_search&check_in=2024-08-17&check_out=2024-08-22&source_impression_id=p3_1723899986_P3Ah3F57bbi9-flj&previous_page_section_name=1000&federated_search_id=d49c4e78-054a-439c-8b7e-b01ae746619c
268,https://www.airbnb.com.vn/rooms/938860606872291616?adults=1&category_tag=Tag%3A8678&children=0&enable_m3_private_room=true&infants=0&pets=0&photo_id=1741940465&search_mode=regular_search&check_in=2024-08-20&check_out=2024-08-25&source_impression_id=p3_1723899986_P36BO-BpBAvyDkXW&previous_page_section_name=1000&federated_search_id=d49c4e78-054a-439c-8b7e-b01ae746619c
269,https://www.airbnb.com.vn/rooms/925123267641360838?adults=1&children=0&enable_m3_private_room=true&infants=0&pets=0&search_mode=regular_search&check_in=2024-08-23&check_out=2024-08-28&source_impression_id=p3_1723899986_P3-2P1iiiNKDfHrY&previous_page_section_name=1000&federated_search_id=d49c4e78-054a-439c-8b7e-b01ae746619c
